z,Title,Artist,Length,Date Available,BPM,Key,Vocals,Bass,Lead,Drums,Vocals Note Ct,Bass Note Ct,Lead Note Ct,Drums Note Ct,Vocals Lift Note Ct,Bass Lift Note Ct,Lead Lift Note Ct,Drum Lift Note Ct,,
1,bad guy,Billie Eilish,3:16,12/9/2023,135,G Minor,Vocals 3,Bass 2,Lead 2,Drums 3,432,356,144,654,0,10,0,0,,
1,Bad Romance,Lady Gaga,4:56,12/9/2023,119,A Minor,Vocals 4,Bass 4,Lead 2,Drums 2,720,1429,663,1089,77,619,25,48,,1-50
1,Barbie Girl,Aqua,3:15,2/16/2024,130,Db Minor,Vocals 4,Bass 4,Lead 2,Drums 4,574,424,746,838,0,0,0,128,,51-100
1,Basket Case,Green Day,3:02,2/2/2024,175,Eb Major,Vocals 3,Bass 5,Lead 5,Drums 6,226,610,1346,755,2,110,320,15,,101-200
1,Beautiful Day,U2,4:08,12/22/2023,136,D Major,Vocals 3,Bass 3,Lead 4,Drums 3,359,892,1126,1119,0,386,189,0,,201+
1,Believer,Imagine Dragons,3:26,12/22/2023,125,Bb Minor,Vocals 5,Bass 1,Lead 2,Drums 4,516,54,766,894,33,0,68,151,,
1,Blinding Lights,The Weeknd,3:24,12/9/2023,171,F Minor,Vocals 3,Bass 2,Lead 3,Drums 3,324,165,468,1237,18,0,8,358,,
1,Brace for Chaos,Epic Games,3:55,12/9/2023,120,D Minor,Vocals 5,Bass 3,Lead 4,Drums 5,551,311,438,1474,20,23,17,405,,
1,Buddy Holly,Weezer,2:44,12/9/2023,121,Ab Major,Vocals 4,Bass 3,Lead 3,Drums 4,337,642,1038,1058,8,12,32,0,,
1,Butter Barn Hoedown,Epic Games,2:37,12/9/2023,98,D Major,Vocals 5,Bass 2,Lead 5,Drums 3,360,358,489,690,0,0,4,3,,
1,Cake By The Ocean,DNCE,3:41,12/9/2023,119,E Minor,Vocals 4,Bass 3,Lead 4,Drums 4,594,707,1102,1228,13,14,219,185,,
1,Can't Feel My Face,The Weeknd,3:36,1/12/2024,108,A Minor,Vocals 4,Bass 4,Lead 1,Drums 1,522,476,270,794,14,0,0,2,,
1,Counting Stars,OneRepublic,4:19,12/9/2023,122,E Major,Vocals 5,Bass 2,Lead 5,Drums 4,681,408,1731,1246,26,0,665,267,,
1,Cradles,Sub Urban,3:34,12/9/2023,80,Bb Minor,Vocals 2,Bass 1,Lead 2,Drums 4,318,127,465,559,7,0,0,79,,
1,Dirty Little Secret,The All-American Rejects,3:18,12/9/2023,144,Bb Major,Vocals 3,Bass 3,Lead 3,Drums 4,363,637,1143,1004,16,260,424,14,,
1,Dog Days Are Over,Florence + The Machine,4:14,12/9/2023,150,G Major,Vocals 4,Bass 1,Lead 2,Drums 4,409,50,1714,1015,19,0,793,103,,
1,emo girl,mgk ft. WILLOW,2:42,12/9/2023,165,D Major,Vocals 3,Bass 2,Lead 3,Drums 4,390,656,887,1165,42,315,313,373,,
1,Flickering Flame,Epic Games,2:14,1/23/2024,98,G Minor,Vocals 5,Bass 3,Lead 5,Drums 5,409,332,378,647,92,0,24,120,,
1,Flowers,Miley Cyrus,4:31,2/16/2024,118,A Minor,Vocals 4,Bass 4,Lead 3,Drums 3,418,483,386,865,7,0,0,17,,
1,Gangnam Style,PSY,3:41,12/9/2023,132,B Minor,Vocals 4,Bass 4,Lead 4,Drums 5,629,745,1056,983,24,60,68,150,,
1,get him back!,Olivia Rodrigo,3:29,1/26/2024,162,F Major,Vocals 5,Bass 2,Lead 4,Drums 4,667,287,726,1215,32,40,66,339,,
1,Go With The Flow,Queens of the Stone Age,3:07,12/9/2023,159,E Minor,Vocals 3,Bass 3,Lead 3,Drums 5,285,949,1225,1258,2,417,554,242,,
1,good 4 u,Olivia Rodrigo,3:02,1/26/2024,169,F Minor,Vocals 5,Bass 3,Lead 4,Drums 5,538,485,792,993,15,106,171,242,,
1,Heartbreaker,Pat Benatar,3:36,12/22/2023,156,F Minor,Vocals 4,Bass 2,Lead 5,Drums 5,319,672,1142,1153,0,243,302,136,,
1,Heat Waves,Glass Animals,4:03,1/19/2024,81,B Major,Vocals 4,Bass 1,Lead 5,Drums 4,540,145,1069,1367,13,0,8,442,,
1,Highway Tune,Greta van Fleet,3:08,12/9/2023,124,E Minor,Vocals 4,Bass 3,Lead 6,Drums 4,183,537,986,937,4,24,182,93,,
1,Hold Me Closer,Elton John & Britney Spears,3:23,2/9/2024,126,C Major,Vocals 4,Bass 3,Lead 5,Drums 3,276,464,614,657,9,17,0,14,,
1,i,Kendrick Lamar,3:57,12/9/2023,122,C Minor,Vocals 7,Bass 7,Lead 4,Drums 6,835,568,1062,1383,17,57,292,208,,
1,I Still Haven't Found What I'm Looking For,U2,4:31,1/26/2024,101,Db Major,Vocals 3,Bass 2,Lead 3,Drums 4,291,640,725,1810,1,1,28,506,,
1,Into You,Ariana Grande,4:06,2/9/2024,108,Gb Minor,Vocals 5,Bass 3,Lead 3,Drums 3,656,398,940,779,42,0,12,50,,
1,Less Than,Nine Inch Nails,3:35,1/26/2024,128,F Minor,Vocals 2,Bass 3,Lead 5,Drums 5,305,806,1253,1089,0,3,429,56,,
1,Make It Known,Epic Games,2:59,2/16/2024,179,Eb Minor,Vocals 6,Bass 3,Lead 3,Drums 6,763,310,498,1301,2,8,15,387,,
1,March Of The Pigs,Nine Inch Nails,3:55,1/26/2024,134,D Major,Vocals 3,Bass 5,Lead 5,Drums 7,253,1191,1147,1930,4,241,273,534,,
1,Mr. Brightside,The Killers,3:46,12/9/2023,148,Db Major,Vocals 4,Bass 3,Lead 4,Drums 6,365,814,1064,1613,0,352,84,331,,
1,My Songs Know What You Did in the Dark (Light Em Up),Fall Out Boy,3:11,12/9/2023,152,A Minor,Vocals 4,Bass 3,Lead 3,Drums 4,518,475,1101,959,8,202,457,24,,
1,Nothing's Alright,WitchGang,3:08,12/9/2023,89,Bb Major,Vocals 3,Bass 1,Lead 1,Drums 3,321,198,406,944,2,0,0,221,,
1,OG (Future Remix),Epic Games,2:41,12/9/2023,138,Eb Major,Vocals 4,Bass 4,Lead 5,Drums 5,306,302,415,839,10,65,51,149,,
1,Party Rock Anthem,LMFAO ft. Lauren Bennett & GoonRock,4:25,12/9/2023,130,F Minor,Vocals 5,Bass 2,Lead 2,Drums 5,579,593,1113,1040,0,0,1,3,,
1,Poison,Bell Biv DeVoe,4:27,12/9/2023,111,Gb Minor,Vocals 5,Bass 3,Lead 1,Drums 4,698,670,180,1635,22,0,0,99,,
1,Pompeii,Bastille,3:37,1/19/2024,128,A Major,Vocals 5,Bass 3,Lead 3,Drums 5,527,579,1346,1078,21,167,444,124,,
1,Popular,"The Weeknd, Madonna & Playboi Carti",3:41,2/16/2024,99,Bb Minor,Vocals 5,Bass 1,Lead 4,Drums 5,717,188,404,866,29,0,1,128,,
1,Return of the Tiger,Epic Games,4:08,1/23/2024,132,Eb Minor,Vocals 5,Bass 5,Lead 5,Drums 6,780,530,698,1540,70,75,15,254,,
1,Run It,Epic Games,2:22,1/23/2024,142,A Minor,Vocals 4,Bass 2,Lead 1,Drums 3,394,193,212,752,12,0,0,225,,
1,Save Your Tears,The Weeknd,3:39,12/9/2023,118,C Major,Vocals 4,Bass 2,Lead 2,Drums 2,439,715,627,1026,6,0,156,13,,
1,Say So,Doja Cat,4:01,2/2/2024,111,D Major,Vocals 5,Bass 3,Lead 3,Drums 2,573,349,918,1127,16,0,35,0,,
1,Seven Nation Army,The White Stripes,3:55,12/9/2023,123,E Minor,Vocals 3,Bass 2,Lead 4,Drums 1,235,460,395,841,6,0,5,0,,
1,Show Them Who We Are,Epic Games,3:11,12/9/2023,86,G Minor,Vocals 5,Bass 3,Lead 1,Drums 5,565,348,282,1345,47,0,0,347,,
1,Single Soon,Selena Gomez,2:56,2/9/2024,105,D Major,Vocals 4,Bass 3,Lead 2,Drums 4,421,739,346,718,10,360,56,120,,
1,Stitches,Shawn Mendes,3:29,1/12/2024,150,Bb Minor,Vocals 4,Bass 2,Lead 4,Drums 2,453,314,1345,567,30,0,299,0,,
1,Streets Ignite,Epic Games,2:59,2/16/2024,114,Eb Minor,Vocals 5,Bass 4,Lead 5,Drums 5,566,409,440,932,1,0,58,95,,
1,Suddenly I See,KT Tunstall,3:23,12/9/2023,100,D Major,Vocals 4,Bass 3,Lead 5,Drums 4,465,600,1086,1109,5,226,233,14,,
1,Switch Up,Epic Games,2:59,12/9/2023,130,G Minor,Vocals 3,Bass 2,Lead 4,Drums 3,233,219,556,584,0,0,83,23,,
1,Take Me Higher,Epic Games,3:13,12/9/2023,156,G Minor,Vocals 4,Bass 2,Lead 4,Drums 5,447,253,858,1203,21,0,192,268,,
1,Take My Breath,The Weeknd,3:41,12/9/2023,121,C Minor,Vocals 4,Bass 2,Lead 5,Drums 4,469,352,824,1453,40,0,52,476,,
1,The Hand That Feeds,Nine Inch Nails,3:31,12/9/2023,128,A Minor,Vocals 3,Bass 3,Lead 4,Drums 4,389,585,835,1328,0,84,111,228,,
1,The Hills,The Weeknd,3:59,12/9/2023,113,C Minor,Vocals 3,Bass 2,Lead 1,Drums 3,493,288,450,733,29,0,0,84,,
1,The Search,NF,3:25,12/9/2023,120,D Minor,Vocals 6,Bass 2,Lead 2,Drums 4,990,532,415,414,217,0,0,119,,
1,Thunder,Imagine Dragons,3:59,12/9/2023,84,C Major,Vocals 3,Bass 1,Lead 3,Drums 3,389,570,392,646,21,0,69,14,,
1,Timeless,WitchGang,2:29,2/16/2024,94,C Major,Vocals 4,Bass 3,Lead 4,Drums 4,381,257,267,523,6,0,58,64,,
1,vampire,Olivia Rodrigo,3:43,12/9/2023,139,F Major,Vocals 5,Bass 4,Lead 4,Drums 4,605,565,985,740,16,233,225,122,,
1,Welcome to Paradise,Green Day,4:30,2/2/2024,91,Eb Major,Vocals 3,Bass 6,Lead 6,Drums 7,292,1161,1666,1332,2,251,466,118,,
1,What Is Love,Haddaway,4:30,2/9/2024,124,G Minor,Vocals 3,Bass 2,Lead 4,Drums 3,437,623,833,1478,8,0,0,224,,
1,When I Come Around,Green Day,3:03,2/2/2024,98,Gb Major,Vocals 3,Bass 5,Lead 3,Drums 4,253,744,822,847,0,36,101,24,,
1,Winterfest Wish,Epic Games,3:33,12/23/2023,140,B Major,Vocals 4,Bass 3,Lead 3,Drums 5,542,351,452,1113,5,2,4,123,,
1,With Or Without You,U2,4:06,1/26/2024,110,D Major,Vocals 2,Bass 1,Lead 4,Drums 5,254,964,793,1595,1,29,5,1,,
1,You Don't Know Me,Epic Games,3:05,1/23/2024,135,C Major,Vocals 5,Bass 5,Lead 5,Drums 7,496,382,770,939,8,50,296,69,,
1,Zombie,The Cranberries,5:13,12/9/2023,84,E Minor,Vocals 3,Bass 2,Lead 3,Drums 4,300,934,1193,1784,22,116,78,356,,
2,(Don't Fear) The Reaper,Blue Öyster Cult,5:22,3/22/2024,141,A Minor,Vocals 3,Bass 6,Lead 6,Drums 7,288,988,1371,1831,5,198,248,110,,
2,8-Bit Beat,Epic Games,2:08,2/23/2024,170,A Major,Vocals 7,Bass 4,Lead 6,Drums 5,391,430,499,569,21,150,29,71,,
2,All of Me (Tiësto's Birthday Treatment Remix),John Legend,4:13,3/1/2024,128,Ab Major,Vocals 3,Bass 2,Lead 4,Drums 3,438,459,798,1201,4,0,0,257,,
2,All The Small Things,blink-182,2:50,3/1/2024,148,C Major,Vocals 2,Bass 2,Lead 3,Drums 5,316,943,1240,1229,2,433,541,338,,
2,Applause,Lady Gaga,3:33,2/23/2024,140,G Minor,Vocals 4,Bass 3,Lead 3,Drums 3,549,327,687,620,10,0,120,2,,
2,Astronaut In The Ocean,Masked Wolf,2:14,3/22/2024,150,E Minor,Vocals 6,Bass 1,Lead 1,Drums 4,510,165,142,791,37,0,0,280,,
2,Best Buds,Epic Games,2:46,2/23/2024,152,B Minor,Vocals 4,Bass 4,Lead 3,Drums 5,307,603,681,818,34,112,143,6,,
2,Big Energy,Latto,2:58,3/1/2024,106,G Major,Vocals 5,Bass 1,Lead 3,Drums 2,629,205,533,894,3,0,19,56,,
2,Black Hole Sun,Soundgarden,5:23,2/23/2024,105,Ab Major,Vocals 3,Bass 3,Lead 5,Drums 5,327,470,927,1303,6,7,87,15,,
2,Bloody Mary,Lady Gaga,4:07,2/23/2024,100,A Minor,Vocals 4,Bass 5,Lead 3,Drums 2,456,579,448,953,12,3,32,158,,
2,Bloom,Epic Games,3:15,2/23/2024,92,Bb Major,Vocals 4,Bass 4,Lead 5,Drums 4,370,227,529,600,8,0,5,60,,
2,Born This Way,Lady Gaga,4:25,2/23/2024,124,Gb Major,Vocals 4,Bass 5,Lead 5,Drums 4,717,855,1079,987,3,170,48,139,,
2,Boy's A Liar Pt. 2,PinkPantheress & Ice Spice,2:17,4/12/2024,133,D Minor,Vocals 5,Bass 4,Lead 4,Drums 4,462,225,517,578,9,0,94,0,,
2,Breaking Me,Topic w/ A7S,2:49,2/23/2024,122,Ab Minor,Vocals 4,Bass 2,Lead 1,Drums 3,482,215,158,440,0,0,0,0,,
2,Bust A Move,Young MC,4:29,3/29/2024,120,E Minor,Vocals 6,Bass 4,Lead 3,Drums 4,847,797,842,1571,32,12,169,22,,
2,Call Me Maybe,Carly Rae Jepsen,3:18,3/22/2024,120,G Major,Vocals 4,Bass 1,Lead 4,Drums 3,469,180,793,695,0,0,54,55,,
2,Carry on Wayward Son,Kansas,5:25,3/22/2024,124,A Minor,Vocals 3,Bass 5,Lead 7,Drums 4,344,781,1138,1631,10,24,58,47,,
2,Closer (Chainsmokers),The Chainsmokers ft. Halsey,4:09,3/1/2024,95,F Minor,Vocals 3,Bass 2,Lead 3,Drums 3,499,384,704,802,3,0,0,0,,
2,Come & Go,Juice WRLD w/ Marshmello,3:25,3/15/2024,145,D Minor,Vocals 4,Bass 2,Lead 4,Drums 6,473,254,748,859,61,78,92,120,,
2,Don't You Worry Child,Swedish House Mafia ft. John Martin,3:33,4/5/2024,129,D Major,Vocals 3,Bass 3,Lead 3,Drums 4,360,326,1021,800,1,30,27,149,,
2,Down with the Sickness,Disturbed,4:46,3/8/2024,90,Eb Minor,Vocals 4,Bass 5,Lead 5,Drums 5,612,999,1660,1587,10,90,441,236,,
2,Ella Baila Sola,"Eslabon Armado, Peso Pluma",2:49,4/12/2024,99,F Minor,Vocals 4,Bass 6,Lead 6,Drums 3,276,795,773,732,36,195,77,8,,
2,Everlong,Foo Fighters,4:13,4/5/2024,158,D Major,Vocals 3,Bass 4,Lead 4,Drums 7,272,986,1711,1944,38,369,501,461,,
2,Eyes Closed,Imagine Dragons,3:18,4/5/2024,174,Eb Minor,Vocals 5,Bass 3,Lead 3,Drums 4,535,302,381,739,0,56,0,111,,
2,Feel Good Inc,Gorillaz,3:42,3/8/2024,138,Eb Minor,Vocals 5,Bass 1,Lead 2,Drums 4,513,234,613,1225,1,0,54,359,,
2,Feel It Still,Portugal. The Man,2:45,3/8/2024,158,Db Minor,Vocals 4,Bass 2,Lead 4,Drums 3,423,423,306,1069,84,0,32,333,,
2,Firework,Katy Perry,3:39,3/15/2024,124,Ab Major,Vocals 3,Bass 2,Lead 3,Drums 3,490,572,1482,1090,0,272,550,298,,
2,High Hopes,Panic! At The Disco,3:14,3/8/2024,164,F Major,Vocals 5,Bass 4,Lead 3,Drums 5,597,364,756,1040,74,28,112,185,,
2,Hysteria,Muse,3:50,3/22/2024,93,A Minor,Vocals 3,Bass 6,Lead 6,Drums 5,164,1311,1173,908,0,125,162,0,,
2,I Think I'm OKAY,"mgk, YUNGBLUD, Travis Barker",2:54,3/22/2024,120,G Major,Vocals 3,Bass 2,Lead 3,Drums 4,412,297,682,781,3,6,0,33,,
2,I Wanna Get Better,Bleachers,3:27,4/12/2024,95,E Major,Vocals 5,Bass 4,Lead 6,Drums 5,608,575,1356,1058,12,200,206,214,,
2,I Wish,Skee-Lo,4:07,4/5/2024,98,G Major,Vocals 6,Bass 5,Lead 3,Drums 2,1008,874,1084,890,13,0,207,16,,
2,It Takes Two,Rob Base & DJ EZ Rock,4:05,3/1/2024,112,G Major,Vocals 5,Bass 1,Lead 1,Drums 3,828,104,238,1640,9,0,0,333,,
2,Just A Girl,No Doubt,3:27,4/19/2024,108,D Major,Vocals 3,Bass 4,Lead 5,Drums 4,352,690,1090,954,1,96,248,41,,
2,Just Dance,Lady Gaga ft. Colby O'Donis,4:04,2/23/2024,120,Db Minor,Vocals 5,Bass 2,Lead 3,Drums 1,691,448,513,857,9,16,0,150,,
2,Kids,MGMT,5:02,4/5/2024,123,A Major,Vocals 2,Bass 3,Lead 4,Drums 4,463,935,514,1105,0,0,14,16,,
2,Like A G6,Far East Movement ft. The Cataracs & Dev,3:41,3/22/2024,125,G Minor,Vocals 5,Bass 1,Lead 2,Drums 5,719,264,469,895,9,0,0,173,,
2,Lucid Dreams,Juice WRLD,4:18,3/15/2024,84,Gb Minor,Vocals 4,Bass 2,Lead 3,Drums 4,643,244,725,697,0,0,0,90,,
2,MakeDamnSure,Taking Back Sunday,3:30,4/12/2024,140,Gb Major,Vocals 4,Bass 3,Lead 3,Drums 4,449,796,1057,856,0,391,362,100,,
2,Me Too,Meghan Trainor,3:05,3/1/2024,124,E Minor,Vocals 4,Bass 2,Lead 2,Drums 5,533,456,169,879,5,0,0,118,,
2,Mi Gente,J. Balvin & Willy William,3:10,4/19/2024,105,E Minor,Vocals 5,Bass 1,Lead 1,Drums 5,444,109,391,697,19,0,0,0,,
2,Misery Business,Paramore,3:21,3/8/2024,86,F Minor,Vocals 5,Bass 5,Lead 6,Drums 6,516,752,1135,1214,15,127,184,108,,
2,Mood,24kGoldn ft. iann dior,2:23,3/29/2024,91,Bb Major,Vocals 5,Bass 2,Lead 2,Drums 3,563,211,520,697,65,0,0,199,,
2,Moves Like Jagger,Maroon 5 ft. Christina Aguilera,3:26,3/29/2024,128,B Minor,Vocals 5,Bass 2,Lead 4,Drums 4,651,463,1254,910,7,48,104,159,,
2,Numb,Linkin Park,3:07,3/8/2024,110,Gb Minor,Vocals 3,Bass 1,Lead 1,Drums 3,358,107,246,1167,8,0,4,138,,
2,Paint The Town Red,Doja Cat,3:56,4/12/2024,100,D Minor,Vocals 5,Bass 1,Lead 2,Drums 3,730,179,671,670,12,0,0,9,,
2,Poker Face,Lady Gaga,4:01,2/23/2024,119,Ab Minor,Vocals 3,Bass 2,Lead 2,Drums 2,637,899,539,821,1,0,0,0,,
2,Rain On Me,Lady Gaga & Ariana Grande,3:07,2/23/2024,123,C Minor,Vocals 5,Bass 4,Lead 3,Drums 4,491,342,409,817,22,1,16,51,,
2,Ride Wit Me,Nelly ft. City Spud,4:40,2/23/2024,102,E Minor,Vocals 6,Bass 2,Lead 4,Drums 5,1070,440,2393,1959,2,0,1067,623,,
2,Roses (Imanbek Remix),SAINt JHN,2:59,3/15/2024,122,F Minor,Vocals 4,Bass 2,Lead 1,Drums 4,531,452,302,745,6,0,0,70,,
2,Sandstorm,Darude,3:47,3/15/2024,136,E Minor,Vocals 5,Bass 6,Lead 6,Drums 5,1565,1220,1189,1388,127,280,24,308,,
2,Santeria,Sublime,3:10,4/19/2024,90,E Major,Vocals 4,Bass 5,Lead 5,Drums 5,344,679,629,1149,3,8,29,197,,
2,Scenario,A Tribe Called Quest ft. Leaders Of The New School,4:16,3/29/2024,102,A Major,Vocals 6,Bass 1,Lead 1,Drums 3,1043,309,166,1205,0,0,0,91,,
2,Shivers,Ed Sheeran,3:29,3/8/2024,141,D Major,Vocals 5,Bass 3,Lead 4,Drums 4,690,316,604,1269,80,0,91,372,,
2,So What,P!nk,3:39,3/15/2024,126,Gb Minor,Vocals 5,Bass 3,Lead 4,Drums 4,561,580,1049,913,7,0,428,0,,
2,Song 2,Blur,2:03,4/12/2024,129,F Minor,Vocals 2,Bass 3,Lead 4,Drums 4,155,299,937,698,0,109,182,175,,
2,Stupid Love,Lady Gaga,3:17,2/23/2024,118,Bb Major,Vocals 4,Bass 5,Lead 1,Drums 4,522,962,132,1195,31,396,18,137,,
2,Sucker,Jonas Brothers,3:05,3/29/2024,138,Db Minor,Vocals 4,Bass 3,Lead 3,Drums 5,592,440,763,1113,24,110,327,207,,
2,Super Freak,Rick James,3:18,3/29/2024,132,A Minor,Vocals 4,Bass 3,Lead 4,Drums 3,350,445,910,1354,0,3,5,374,,
2,Surround Sound,JID ft. 21 Savage & Baby Tate,3:54,3/1/2024,152,F Minor,Vocals 7,Bass 1,Lead 3,Drums 3,963,293,737,918,1,0,0,211,,
2,Swim Free,Epic Games,3:12,3/8/2024,142,B Minor,Vocals 5,Bass 4,Lead 5,Drums 5,537,567,591,901,84,138,33,223,,
2,t r a n s p a r e n t s o u l,WILLOW ft. Travis Barker,2:51,3/29/2024,180,B Minor,Vocals 4,Bass 3,Lead 4,Drums 6,295,605,485,1181,9,110,12,164,,
2,The Edge of Glory,Lady Gaga,5:22,2/23/2024,128,A Major,Vocals 3,Bass 2,Lead 6,Drums 3,550,818,1355,1589,8,0,0,291,,
2,The Hunting Ground,Epic Games,3:05,3/8/2024,128,E Minor,Vocals 5,Bass 3,Lead 4,Drums 5,440,316,580,1121,9,0,156,192,,
2,The Middle (Jimmy),Jimmy Eat World,2:52,3/15/2024,162,D Major,Vocals 4,Bass 3,Lead 4,Drums 4,327,780,1272,1158,59,375,455,207,,
2,The Middle (Zedd),"Zedd, Maren Morris & Grey",3:05,3/29/2024,107,G Major,Vocals 5,Bass 3,Lead 4,Drums 5,475,192,563,615,15,0,1,33,,
2,The Way Life Goes,Lil Uzi Vert ft. Oh Wonder,3:38,4/12/2024,164,Gb Major,Vocals 5,Bass 1,Lead 2,Drums 4,767,54,494,762,38,0,98,208,,
2,What I Got,Sublime,2:53,4/12/2024,96,D Major,Vocals 5,Bass 3,Lead 5,Drums 4,475,545,757,821,11,0,117,0,,
2,What's My Age Again?,blink-182,2:29,3/1/2024,155,Gb Major,Vocals 4,Bass 5,Lead 4,Drums 5,298,571,767,725,53,153,125,58,,
2,WHATS POPPIN,Jack Harlow,2:24,3/8/2024,145,E Minor,Vocals 6,Bass 2,Lead 2,Drums 4,570,130,457,793,1,0,0,260,,
2,Wolves,Selena Gomez w/Marshmello,3:19,4/5/2024,125,B Minor,Vocals 4,Bass 2,Lead 4,Drums 4,500,436,610,690,12,120,7,75,,
2,Woman,Doja Cat,2:55,4/19/2024,108,F Minor,Vocals 5,Bass 1,Lead 1,Drums 5,579,216,298,1197,20,0,0,266,,
2,X Gon' Give It To Ya,DMX,3:36,3/15/2024,95,Bb Minor,Vocals 6,Bass 1,Lead 2,Drums 3,789,229,477,843,34,0,191,1,,
2,XO Tour Llif3,Lil Uzi Vert,3:11,4/19/2024,155,B Minor,Vocals 5,Bass 3,Lead 2,Drums 4,561,266,610,813,11,20,0,81,,
2,YOU DON'T KNOW WHAT YOU'VE GOT,blink-182,3:19,3/1/2024,156,Ab Minor,Vocals 2,Bass 3,Lead 3,Drums 6,317,593,896,1340,0,147,204,290,,
2,You're All Mine,Epic Games,3:36,3/8/2024,175,E Minor,Vocals 4,Bass 5,Lead 6,Drums 6,564,567,894,877,0,25,61,107,,
2,Your Love (9pm),"ATB, Topic, A7S",2:34,3/22/2024,126,A Minor,Vocals 3,Bass 2,Lead 2,Drums 3,279,201,286,521,16,0,0,5,,
3,all the good girls go to hell,Billie Eilish,2:42,4/24/2024,92,Ab Minor,Vocals 5,Bass 3,Lead 3,Drums 5,346,299,371,616,4,0,0,0,,
3,Bandit,Don Toliver,2:23,5/31/2024,130,D Minor,Vocals 5,Bass 2,Lead 3,Drums 4,573,150,235,750,14,0,0,163,,
3,Before I Forget,Slipknot,4:28,5/10/2024,140,Db Minor,Vocals 3,Bass 5,Lead 6,Drums 6,517,1067,1532,1477,0,57,175,149,,
3,Beggin',Måneskin,3:34,5/31/2024,134,B Minor,Vocals 5,Bass 4,Lead 5,Drums 6,595,352,968,1190,1,0,51,92,,
3,Better Now,Post Malone,3:50,6/7/2024,145,Bb Major,Vocals 4,Bass 2,Lead 3,Drums 4,769,176,1348,793,45,0,654,196,,
3,Blitzkrieg Bop,Ramones,2:15,5/24/2024,177,A Major,Vocals 3,Bass 2,Lead 3,Drums 3,261,619,1027,1149,3,218,375,383,,
3,Breed,Nirvana,3:04,5/3/2024,158,Gb Minor,Vocals 3,Bass 5,Lead 6,Drums 5,304,680,1420,960,0,39,396,7,,
3,Bring Me To Life,Evanescence,4:02,5/10/2024,95,E Minor,Vocals 4,Bass 4,Lead 4,Drums 5,400,572,1305,903,0,0,305,8,,
3,Bulls On Parade,Rage Against The Machine,3:57,5/31/2024,169,F Minor,Vocals 5,Bass 4,Lead 4,Drums 5,338,593,988,1032,0,38,38,0,,
3,Cantina Band,John Williams & The London Symphony Orchestra,2:49,5/10/2024,131,D Minor,Vocals 6,Bass 5,Lead 6,Drums 6,614,454,783,1059,42,1,46,36,,
3,Change,Epic Games,3:07,4/24/2024,90,D Minor,Vocals 4,Bass 5,Lead 7,Drums 5,424,644,815,819,53,56,94,40,,
3,Changes,2Pac ft. Talent,4:34,5/10/2024,111,G Major,Vocals 6,Bass 2,Lead 4,Drums 4,991,225,676,1220,8,0,0,3,,
3,Cheap Thrills,Sia ft. Sean Paul,3:41,5/3/2024,90,Gb Minor,Vocals 5,Bass 2,Lead 2,Drums 4,617,336,900,788,36,0,0,117,,
3,CHIHIRO,Billie Eilish,5:05,5/18/2024,110,E Minor,Vocals 4,Bass 4,Lead 5,Drums 4,555,773,1158,1016,3,0,17,0,,
3,Circles,Post Malone,3:35,6/7/2024,120,C Major,Vocals 2,Bass 2,Lead 4,Drums 1,417,453,796,963,0,0,0,0,,
3,Creatures In Heaven,Glass Animals,3:47,5/3/2024,160,D Major,Vocals 3,Bass 1,Lead 4,Drums 4,615,145,1317,1279,7,0,372,440,,
3,Dragula,Rob Zombie,3:48,5/24/2024,125,C Minor,Vocals 3,Bass 3,Lead 4,Drums 4,394,746,1081,1347,0,48,17,81,,
3,Find the Fury,Epic Games,2:47,5/24/2024,105,Gb Minor,Vocals 5,Bass 5,Lead 3,Drums 5,575,332,414,647,16,6,61,24,,
3,Fire and Steel,Epic Games,3:00,5/24/2024,128,E Major,Vocals 3,Bass 4,Lead 5,Drums 6,308,384,921,1030,0,0,102,95,,
3,Friday I'm In Love,The Cure,3:35,4/24/2024,136,D Major,Vocals 4,Bass 3,Lead 4,Drums 4,382,633,727,729,7,115,28,0,,
3,Fuel,Metallica,4:27,5/24/2024,107,Eb Major,Vocals 4,Bass 5,Lead 6,Drums 5,355,1244,1449,1376,2,271,276,48,,
3,Get Low,Lil Jon & The East Side Boyz ft. Ying Yang Twins,5:35,4/26/2024,101,C Minor,Vocals 6,Bass 1,Lead 2,Drums 2,1134,377,635,1291,28,0,0,192,,
3,Give Me Everything,"Pitbull ft. Ne-Yo, Afrojack & Nayer",4:16,6/7/2024,129,Eb Major,Vocals 5,Bass 1,Lead 3,Drums 4,754,316,894,1270,3,0,0,17,,
3,Hail To The King,Avenged Sevenfold,5:07,5/17/2024,118,Eb Minor,Vocals 2,Bass 2,Lead 7,Drums 2,296,679,1327,1522,0,0,165,0,,
3,Happier Than Ever - Edit,Billie Eilish,2:32,4/24/2024,108,C Major,Vocals 4,Bass 3,Lead 3,Drums 3,226,133,401,390,0,0,6,0,,
3,Heathens,Twenty One Pilots,3:14,5/17/2024,90,E Minor,Vocals 4,Bass 2,Lead 3,Drums 2,404,146,558,574,0,0,0,0,,
3,I Had Some Help,Post Malone ft. Morgan Wallen,3:00,6/7/2024,128,C Major,Vocals 4,Bass 4,Lead 4,Drums 4,368,627,570,1085,0,0,2,266,,
3,Killing In The Name,Rage Against The Machine,5:19,5/3/2024,90,D Minor,Vocals 5,Bass 5,Lead 5,Drums 6,628,1018,1628,1576,0,120,200,64,,
3,Kiss Me More,Doja Cat ft. SZA,3:34,5/10/2024,111,Ab Major,Vocals 5,Bass 2,Lead 3,Drums 2,661,236,884,936,42,0,70,0,,
3,Lord of the Wasteland,Epic Games,3:32,5/24/2024,133,C Minor,Vocals 3,Bass 5,Lead 5,Drums 5,409,986,1048,1279,0,165,112,189,,
3,Lovin On Me,Jack Harlow,2:23,5/10/2024,105,F Minor,Vocals 5,Bass 2,Lead 1,Drums 3,580,279,206,571,11,0,0,25,,
3,LUNCH,Billie Eilish,3:02,5/18/2024,125,B Minor,Vocals 3,Bass 3,Lead 3,Drums 3,454,332,238,758,0,0,0,0,,
3,Maps,Maroon 5,3:13,4/24/2024,120,Db Major,Vocals 4,Bass 2,Lead 3,Drums 4,571,400,655,976,0,0,0,9,,
3,Master of Puppets,Metallica,8:38,6/7/2024,105,E Minor,Vocals 3,Bass 7,Lead 7,Drums 6,448,2377,2800,2842,0,420,493,117,,
3,my ex's best friend,mgk & blackbear,2:24,4/26/2024,125,F Minor,Vocals 4,Bass 2,Lead 3,Drums 4,452,287,528,733,4,112,116,175,,
3,Next Semester,Twenty One Pilots,3:56,5/17/2024,175,E Major,Vocals 4,Bass 4,Lead 4,Drums 6,460,645,1293,990,9,198,524,121,,
3,Oxytocin,Billie Eilish,3:07,4/24/2024,125,G Major,Vocals 3,Bass 3,Lead 4,Drums 4,374,478,783,1228,4,0,121,411,,
3,Pea Like Me,Epic Games,3:18,5/24/2024,145,C Minor,Vocals 7,Bass 3,Lead 5,Drums 5,764,489,728,955,9,0,16,154,,
3,positions,Ariana Grande,2:51,5/31/2024,144,D Minor,Vocals 5,Bass 1,Lead 4,Drums 3,508,182,510,672,0,0,4,154,,
3,Ruby Soho,Rancid,2:41,5/24/2024,162,G Major,Vocals 4,Bass 3,Lead 4,Drums 4,361,466,1281,953,33,13,338,221,,
3,Runaway,WitchGang,2:47,4/24/2024,120,B Minor,Vocals 5,Bass 1,Lead 5,Drums 5,515,148,701,842,12,0,6,7,,
3,Sabotage,Beastie Boys,3:00,6/7/2024,168,Ab Minor,Vocals 4,Bass 4,Lead 4,Drums 3,299,798,1041,699,0,83,289,13,,
3,Savage,Megan Thee Stallion,2:26,5/17/2024,169,Eb Minor,Vocals 5,Bass 2,Lead 1,Drums 3,456,165,368,475,5,0,0,113,,
3,Side To Side,Ariana Grande ft. Nicki Minaj,3:47,5/31/2024,159,Gb Minor,Vocals 5,Bass 3,Lead 2,Drums 5,721,411,719,955,11,80,188,129,,
3,Silly Bros,Epic Games,2:37,4/24/2024,90,D Minor,Vocals 5,Bass 1,Lead 2,Drums 3,570,121,186,547,1,0,7,0,,
3,Starships,Nicki Minaj,3:33,5/10/2024,125,D Major,Vocals 5,Bass 3,Lead 2,Drums 3,556,424,791,606,1,8,36,0,,
3,Stressed Out,Twenty One Pilots,3:29,5/17/2024,85,A Minor,Vocals 6,Bass 2,Lead 2,Drums 3,619,291,313,781,0,0,0,1,,
3,Stronger (What Doesn't Kill You),Kelly Clarkson,3:45,5/3/2024,116,C Major,Vocals 4,Bass 4,Lead 4,Drums 2,528,905,1701,1066,8,158,479,0,,
3,Sweet Victory,Epic Games,3:30,4/24/2024,124,G Minor,Vocals 2,Bass 4,Lead 4,Drums 2,381,556,630,1102,40,33,62,121,,
3,the boy is mine,Ariana Grande,2:56,5/31/2024,98,G Minor,Vocals 4,Bass 3,Lead 4,Drums 4,390,261,376,730,0,6,0,63,,
3,THE DINER,Billie Eilish,2:54,5/18/2024,125,B Minor,Vocals 4,Bass 2,Lead 3,Drums 2,339,142,474,921,0,0,0,1,,
3,Therefore I Am,Billie Eilish,2:56,4/24/2024,94,D Minor,Vocals 4,Bass 3,Lead 2,Drums 2,401,394,249,642,26,0,0,0,,
3,This Is How We Do It,Montell Jordan,3:35,5/3/2024,104,F Minor,Vocals 4,Bass 1,Lead 2,Drums 3,705,357,324,1162,10,0,0,1,,
3,Toxicity,System Of A Down,3:44,5/10/2024,158,C Minor,Vocals 3,Bass 5,Lead 5,Drums 6,312,995,1243,1347,8,221,253,19,,
3,"yes, and?",Ariana Grande,3:36,5/31/2024,119,Bb Major,Vocals 5,Bass 2,Lead 2,Drums 3,565,407,615,721,4,0,0,3,,
3,Youngblood,5 Seconds of Summer,3:25,4/24/2024,120,G Minor,Vocals 4,Bass 2,Lead 4,Drums 3,576,467,772,772,40,0,0,1,,
4,24K Magic,Bruno Mars,3:50,6/28/2024,107,F Minor,Vocals 5,Bass 4,Lead 4,Drums 3,688,537,557,1130,9,32,0,76,,
4,abcdefu,GAYLE,2:51,7/19/2024,122,E Major,Vocals 3,Bass 1,Lead 2,Drums 2,462,145,768,471,1,39,226,118,,
4,Ain't No Rest For The Wicked,Cage The Elephant,2:58,8/9/2024,156,G Major,Vocals 5,Bass 2,Lead 3,Drums 3,547,185,971,700,0,0,344,96,,
4,All The Stars,Kendrick Lamar ft. SZA,3:55,7/4/2024,97,C Minor,Vocals 4,Bass 1,Lead 2,Drums 4,649,135,349,1085,0,0,0,128,,
4,Battery,Metallica,5:12,8/2/2024,98,E Minor,Vocals 4,Bass 5,Lead 7,Drums 7,291,1184,1715,1842,0,33,247,201,,
4,Black Beatles,Rae Sremmurd ft. Gucci Mane,4:27,8/9/2024,146,E Major,Vocals 4,Bass 1,Lead 1,Drums 4,834,281,732,1682,1,0,256,275,,
4,Blueberry Faygo,Lil Mosey,3:01,6/28/2024,99,F Major,Vocals 4,Bass 1,Lead 1,Drums 3,504,223,206,525,0,0,0,0,,
4,Bouncin' Back,Epic Games,3:10,7/18/2024,169,Gb Minor,Vocals 6,Bass 4,Lead 4,Drums 5,636,474,821,841,3,84,295,24,,
4,Butter,BTS,2:47,7/19/2024,110,Ab Major,Vocals 5,Bass 4,Lead 3,Drums 3,544,439,478,716,1,0,48,75,,
4,Can't Stop The Feeling!,Justin Timberlake,4:02,6/28/2024,113,C Major,Vocals 4,Bass 3,Lead 3,Drums 4,652,534,513,1410,1,0,37,313,,
4,DÁKITI,Bad Bunny and Jhayco,3:27,6/28/2024,110,E Minor,Vocals 5,Bass 1,Lead 2,Drums 2,626,71,231,447,46,0,0,0,,
4,Day 'N' Nite,Kid Cudi,3:44,8/9/2024,138,B Minor,Vocals 3,Bass 1,Lead 3,Drums 3,540,183,964,696,0,0,0,130,,
4,Dreamer,Epic Games,3:52,6/14/2024,125,B Major,Vocals 5,Bass 5,Lead 4,Drums 7,459,693,603,1300,0,8,16,25,,
4,Dynamite (BTS),BTS,3:19,7/4/2024,114,E Major,Vocals 5,Bass 4,Lead 4,Drums 2,715,499,537,868,12,0,29,0,,
4,Enter Sandman,Metallica,5:18,6/14/2024,125,E Minor,Vocals 3,Bass 4,Lead 6,Drums 5,328,1098,1337,1829,0,0,26,0,,
4,Everybody Falls (Chill Mix),Epic Games,3:34,8/6/2024,136,Gb Major,Vocals 3,Bass 3,Lead 4,Drums 5,653,355,916,1130,0,0,244,265,,
4,Fade to Black,Metallica,6:52,8/2/2024,113,A Minor,Vocals 2,Bass 5,Lead 6,Drums 6,172,1316,1833,2219,2,235,98,72,,
4,For Whom The Bell Tolls,Metallica,4:57,6/21/2024,118,E Minor,Vocals 3,Bass 4,Lead 5,Drums 3,190,826,1002,1162,0,57,46,9,,
4,Gimmie The Light,Sean Paul,3:52,7/12/2024,107,D Minor,Vocals 6,Bass 2,Lead 3,Drums 2,1017,332,550,1200,2,0,48,0,,
4,Hey Brother,Avicii,4:17,7/12/2024,125,G Minor,Vocals 4,Bass 2,Lead 4,Drums 3,287,542,1177,867,0,0,174,0,,
4,Holiday,Green Day,3:59,7/24/2024,147,F Minor,Vocals 3,Bass 3,Lead 4,Drums 4,354,765,1107,1025,0,16,202,8,,
4,Hollaback Girl,Gwen Stefani,3:22,7/4/2024,110,Eb Minor,Vocals 5,Bass 1,Lead 1,Drums 2,573,97,274,490,6,0,0,0,,
4,HUMBLE.,Kendrick Lamar,3:00,7/4/2024,150,Eb Minor,Vocals 4,Bass 1,Lead 1,Drums 3,506,280,459,937,0,0,0,135,,
4,Inferno Island (Molten Mix),Epic Games,3:01,7/24/2024,123,D Minor,Vocals 1,Bass 4,Lead 4,Drums 5,130,360,359,987,1,0,52,51,,
4,Let You Down,NF,3:25,7/19/2024,148,F Minor,Vocals 6,Bass 1,Lead 1,Drums 4,714,80,214,580,5,0,0,156,,
4,Lux Æterna,Metallica,3:23,6/21/2024,130,A Minor,Vocals 3,Bass 5,Lead 6,Drums 6,193,1089,1378,1303,0,395,297,14,,
4,Never Back Down,NickEh30,2:54,6/16/2024,142,Ab Major,Vocals 5,Bass 1,Lead 3,Drums 5,521,154,499,1227,2,0,0,351,,
4,Nothing Else Matters,Metallica,6:26,6/21/2024,94,E Minor,Vocals 3,Bass 3,Lead 5,Drums 4,327,337,1224,890,3,6,11,2,,
4,One,Metallica,7:22,6/14/2024,125,B Minor,Vocals 3,Bass 7,Lead 7,Drums 6,273,1786,2381,2133,0,478,536,240,,
4,Panda,Desiigner,3:49,8/9/2024,145,Eb Minor,Vocals 6,Bass 1,Lead 1,Drums 4,980,175,926,694,22,0,0,122,,
4,Paradise City,Guns N' Roses,6:51,8/9/2024,100,Gb Major,Vocals 5,Bass 6,Lead 7,Drums 5,716,1439,1999,2062,0,146,166,98,,
4,Ride the Lightning,Metallica,6:41,6/14/2024,106,E Minor,Vocals 3,Bass 7,Lead 7,Drums 7,283,2083,2633,2472,0,513,534,178,,
4,S.O.M.P.,Epic Games,4:38,6/14/2024,120,E Minor,Vocals 3,Bass 4,Lead 7,Drums 5,251,840,1289,1339,0,62,56,0,,
4,Sad But True,Metallica,5:29,8/2/2024,89,D Minor,Vocals 3,Bass 4,Lead 6,Drums 5,338,907,1531,1434,0,0,22,18,,
4,Seek & Destroy,Metallica,6:55,6/21/2024,143,E Minor,Vocals 3,Bass 6,Lead 7,Drums 5,302,1743,2124,1874,0,280,381,64,,
4,Sexy And I Know It,LMFAO,3:21,7/4/2024,130,G Minor,Vocals 5,Bass 3,Lead 3,Drums 2,483,883,270,684,0,89,22,18,,
4,Sky Surfer (Neon Rush Remix),Epic Games,5:09,6/22/2024,140,Ab Minor,Vocals 4,Bass 6,Lead 5,Drums 6,902,2055,732,2081,78,940,4,605,,
4,Sweet Child O' Mine,Guns N' Roses,5:57,8/9/2024,127,Db Major,Vocals 3,Bass 4,Lead 6,Drums 4,390,1040,1140,2078,0,43,33,0,,
4,The Boys Are Back In Town,Thin Lizzy,4:50,7/26/2024,160,Ab Major,Vocals 4,Bass 5,Lead 5,Drums 4,440,1300,1084,1160,0,365,165,0,,
4,The Final Countdown,Europe,5:30,7/26/2024,117,Gb Minor,Vocals 2,Bass 5,Lead 6,Drums 4,269,1404,1245,1244,2,55,279,58,,
4,The Night Porter,Epic Games,3:02,6/14/2024,129,G Minor,Vocals 5,Bass 4,Lead 5,Drums 3,791,539,525,792,26,7,0,92,,
4,The Unforgiven,Metallica,6:08,6/14/2024,139,A Minor,Vocals 3,Bass 3,Lead 5,Drums 3,482,616,1060,1153,0,43,3,8,,
4,Tití Me Preguntó,Bad Bunny,4:05,7/12/2024,111,D Minor,Vocals 6,Bass 2,Lead 3,Drums 4,888,217,338,815,79,0,56,90,,
4,Too Sweet,Hozier,4:14,7/4/2024,117,G Minor,Vocals 4,Bass 2,Lead 2,Drums 5,501,524,531,1966,0,0,0,403,,
4,Unsainted,Slipknot,4:24,7/26/2024,102,B Minor,Vocals 5,Bass 5,Lead 5,Drums 7,516,1322,1755,1780,0,463,467,442,,
4,Uptown Funk,Mark Ronson ft. Bruno Mars,4:34,7/12/2024,115,F Minor,Vocals 5,Bass 5,Lead 3,Drums 4,780,541,795,1393,18,53,180,0,,
4,Walk Em Down,NLE Choppa ft. Roddy Ricch,2:49,7/19/2024,168,D Minor,Vocals 5,Bass 2,Lead 4,Drums 4,585,243,670,672,3,0,77,106,,
4,We Like To Party! (The Vengabus),Vengaboys,3:45,6/28/2024,136,Ab Major,Vocals 4,Bass 1,Lead 2,Drums 4,531,366,755,1127,0,0,0,0,,
4,Welcome To The Jungle,Guns N' Roses,4:34,8/9/2024,124,Eb Major,Vocals 4,Bass 5,Lead 6,Drums 5,454,1080,1126,1547,0,144,92,0,,
4,Wherever I May Roam,Metallica,6:23,6/14/2024,132,E Minor,Vocals 3,Bass 3,Lead 6,Drums 4,440,1144,1181,2042,0,306,82,431,,
4,Would?,Alice In Chains,3:31,7/26/2024,104,Db Major,Vocals 4,Bass 4,Lead 4,Drums 5,287,1137,873,1205,0,315,226,170,,
5,American Idiot,Green Day,2:58,9/20/2024,138,Gb Minor,Vocals 4,Bass 3,Lead 4,Drums 5,312,604,1253,884,14,106,280,32,,
5,Apple,Charli xcx,2:32,9/6/2024,126,C Major,Vocals 3,Bass 4,Lead 5,Drums 3,361,574,386,803,12,0,4,8,,
5,Better Off Alone,Alice Deejay,3:39,9/6/2024,137,B Major,Vocals 1,Bass 2,Lead 3,Drums 4,143,974,566,1170,0,352,14,164,,
5,Beyond the Flame,Epic Games,4:30,9/4/2024,90,C Major,Vocals 3,Bass 5,Lead 7,Drums 7,330,1351,1861,1608,0,380,309,158,,
5,Big Poppa,The Notorious B.I.G.,4:15,9/13/2024,169,A Minor,Vocals 5,Bass 1,Lead 2,Drums 3,852,308,526,920,0,0,0,0,,
5,Boulevard of Broken Dreams,Green Day,4:25,9/20/2024,138,Gb Minor,Vocals 3,Bass 2,Lead 3,Drums 2,445,502,1396,1115,0,0,287,0,,
5,Broccoli,DRAM ft. Lil Yachty,3:43,8/30/2024,146,Eb Major,Vocals 5,Bass 2,Lead 3,Drums 2,721,156,1003,823,0,0,7,262,,
5,bury a friend,Billie Eilish,3:08,10/11/2024,120,G Minor,Vocals 4,Bass 3,Lead 3,Drums 4,485,276,298,722,14,0,0,6,,
5,CAIRO,"Karol G, Ovy On The Drums",3:20,8/16/2024,115,C Minor,Vocals 5,Bass 2,Lead 1,Drums 4,593,307,190,690,40,0,0,0,,
5,Don't Let Me Down,The Chainsmokers ft. Daya,3:29,9/6/2024,160,B Major,Vocals 2,Bass 1,Lead 3,Drums 4,424,118,524,650,0,0,0,18,,
5,Dynamite (Taio),Taio Cruz,3:23,10/4/2024,120,E Major,Vocals 3,Bass 3,Lead 6,Drums 3,472,505,879,641,3,0,112,0,,
5,Espresso,Sabrina Carpenter,2:59,8/23/2024,104,A Minor,Vocals 4,Bass 3,Lead 2,Drums 2,523,410,380,930,12,0,0,86,,
5,Feather,Sabrina Carpenter,3:06,10/18/2024,124,A Major,Vocals 4,Bass 2,Lead 3,Drums 2,522,405,314,990,0,0,1,302,,
5,Fell On Black Days,Soundgarden,4:43,10/11/2024,101,E Minor,Vocals 3,Bass 3,Lead 6,Drums 5,417,666,1127,1439,0,4,6,6,,
5,Fighter,Christina Aguilera,4:09,9/27/2024,95,E Minor,Vocals 5,Bass 3,Lead 5,Drums 3,818,549,778,766,0,0,6,2,,
5,Fly,Quavo and Lenny Kravitz,2:35,8/30/2024,160,A Major,Vocals 4,Bass 2,Lead 3,Drums 3,380,191,1217,969,0,0,396,286,,
5,For Latveria,Epic Games,3:33,8/16/2024,123,Db Minor,Vocals 2,Bass 3,Lead 7,Drums 3,150,397,907,336,0,96,8,68,,
5,Gwenpool's Multiverse,Epic Games,3:06,8/16/2024,129,F Minor,Vocals 5,Bass 3,Lead 4,Drums 4,545,400,590,800,0,12,11,21,,
5,Happy (Pharrell Williams),Pharrell Williams,3:53,10/11/2024,160,F Major,Vocals 4,Bass 3,Lead 3,Drums 2,684,574,680,1034,0,0,0,0,,
5,HOT TO GO!,Chappell Roan,3:09,9/6/2024,140,Gb Major,Vocals 4,Bass 4,Lead 4,Drums 4,476,815,537,1192,0,0,0,119,,
5,I'm a Winner,Epic Games,3:37,9/4/2024,155,E Minor,Vocals 6,Bass 2,Lead 5,Drums 5,722,222,670,973,0,0,64,56,,
5,I'm Not Okay (I Promise),My Chemical Romance,3:11,10/18/2024,90,D Major,Vocals 4,Bass 4,Lead 4,Drums 5,322,896,1428,1409,0,416,536,339,,
5,In The End,Linkin Park,3:39,8/30/2024,105,Eb Minor,Vocals 5,Bass 3,Lead 2,Drums 5,493,649,298,871,1,195,0,64,,
5,Inferno Island,Epic Games,3:46,10/12/2024,123,D Minor,Vocals 2,Bass 5,Lead 5,Drums 6,364,728,736,1226,0,0,36,42,,
5,Juicy,The Notorious B.I.G.,4:45,9/13/2024,98,E Major,Vocals 6,Bass 3,Lead 5,Drums 2,902,551,796,779,1,0,128,0,,
5,Keep Poppin,Epic Games,3:50,8/16/2024,116,F Minor,Vocals 2,Bass 4,Lead 6,Drums 4,167,373,758,736,0,6,0,65,,
5,MONTERO (Call Me By Your Name),Lil Nas X,2:20,10/25/2024,90,Ab Minor,Vocals 5,Bass 1,Lead 3,Drums 3,441,97,336,427,0,0,0,15,,
5,My Oh My,Ava Max,2:37,8/16/2024,117,Eb Minor,Vocals 4,Bass 3,Lead 5,Drums 4,537,236,470,715,17,0,79,77,,
5,Nightmare,Avenged Sevenfold,6:10,10/18/2024,130,D Minor,Vocals 3,Bass 7,Lead 6,Drums 6,570,1138,1721,2229,0,130,182,237,,
5,Nightmare's Choice,Epic Games,3:19,10/11/2024,156,D Minor,Vocals 4,Bass 4,Lead 4,Drums 4,652,312,793,636,0,4,66,6,,
5,Notorious Thugs,The Notorious B.I.G.,6:05,9/13/2024,155,E Minor,Vocals 7,Bass 1,Lead 4,Drums 5,1523,451,1230,2202,2,0,0,445,,
5,Ocean Breeze Beats,Epic Games,4:03,10/19/2024,124,G Minor,Vocals 3,Bass 5,Lead 3,Drums 5,462,934,422,1187,0,0,0,3,,
5,OKI DOKI,Karol G,2:28,8/16/2024,106,D Minor,Vocals 5,Bass 2,Lead 3,Drums 3,428,118,398,390,5,1,1,0,,
5,Orbital Overload,Epic Games,3:45,8/16/2024,98,Bb Major,Vocals 3,Bass 2,Lead 6,Drums 5,433,188,687,963,9,0,110,21,,
5,Paradise Pulse,Epic Games,4:03,10/26/2024,125,G Minor,Vocals 2,Bass 3,Lead 3,Drums 4,834,437,471,1400,0,0,15,0,,
5,PROVENZA (REMIX),Karol G ft. Tiësto,3:07,8/23/2024,128,F Minor,Vocals 4,Bass 3,Lead 2,Drums 4,398,278,353,840,15,0,12,66,,
5,Pump Up The Jam,Technotronic,3:41,10/4/2024,125,C Minor,Vocals 5,Bass 2,Lead 2,Drums 6,479,460,290,1747,0,0,0,452,,
5,QLONA,Karol G ft. Peso Pluma,2:55,8/16/2024,85,G Minor,Vocals 5,Bass 1,Lead 3,Drums 1,572,151,408,294,6,0,0,0,,
5,Replay,Iyaz,3:08,8/23/2024,98,A Major,Vocals 5,Bass 1,Lead 4,Drums 5,675,78,930,797,0,0,186,167,,
5,Say It Ain't So,Weezer,4:20,10/11/2024,152,Eb Major,Vocals 3,Bass 2,Lead 4,Drums 4,301,355,768,991,0,4,1,0,,
5,Say It Proud,Epic Games,3:00,9/18/2024,138,Gb Minor,Vocals 3,Bass 4,Lead 3,Drums 5,361,668,1058,904,0,235,278,98,,
5,September,"Earth, Wind & Fire",3:46,9/21/2024,124,Gb Minor,Vocals 4,Bass 4,Lead 5,Drums 3,448,673,1161,1338,0,1,77,0,,
5,SexyBack,Justin Timberlake ft. Timbaland,3:55,9/27/2024,117,A Minor,Vocals 4,Bass 1,Lead 3,Drums 4,743,263,785,1209,0,0,49,0,,
5,Somebody Told Me,The Killers,3:21,10/18/2024,138,Bb Minor,Vocals 3,Bass 4,Lead 4,Drums 5,436,644,1496,1338,1,138,389,201,,
5,Stargazing,Myles Smith,2:52,10/25/2024,124,E Major,Vocals 4,Bass 1,Lead 4,Drums 2,324,251,848,567,0,0,56,0,,
5,Stick Season,Noah Kahan,3:04,8/23/2024,118,A Major,Vocals 5,Bass 5,Lead 4,Drums 1,536,247,923,169,0,0,51,0,,
5,Take Over Control,Afrojack ft. Eva Simmons,3:48,8/16/2024,130,C Minor,Vocals 3,Bass 3,Lead 3,Drums 4,453,456,1285,770,8,0,432,0,,
5,The Business,Tiësto,2:47,10/4/2024,120,Ab Minor,Vocals 3,Bass 3,Lead 3,Drums 4,352,355,339,365,0,0,3,0,,
5,The Claw,Epic Games,3:38,8/16/2024,148,D Minor,Vocals 4,Bass 4,Lead 5,Drums 4,500,423,719,707,2,11,4,7,,
5,The Nights,Avicii,2:57,8/16/2024,126,Eb Minor,Vocals 3,Bass 2,Lead 4,Drums 3,404,164,700,506,0,0,43,0,,
5,The Sound of Silence,Disturbed,4:13,10/18/2024,84,Gb Minor,Vocals 3,Bass 2,Lead 4,Drums 1,295,160,599,73,1,0,40,0,,
5,The Spins,"Mac Miller, Empire of the Sun",3:23,10/25/2024,127,C Major,Vocals 5,Bass 2,Lead 2,Drums 2,495,826,780,846,1,390,0,0,,
5,Toxic,Britney Spears,3:23,9/27/2024,143,C Minor,Vocals 4,Bass 4,Lead 4,Drums 2,362,406,948,625,0,27,115,24,,
5,Tusa,Karol G ft. Nicki Minaj,3:21,8/23/2024,101,D Major,Vocals 6,Bass 2,Lead 1,Drums 1,577,300,382,433,6,0,0,0,,
5,Undone - The Sweater Song,Weezer,5:07,10/11/2024,161,Gb Major,Vocals 4,Bass 2,Lead 4,Drums 3,409,753,1152,1226,0,70,118,144,,
5,Unholy,Sam Smith w/ Kim Petras,2:39,10/25/2024,131,Db Major,Vocals 3,Bass 2,Lead 4,Drums 2,474,267,195,343,0,4,0,0,,
5,Way Too Fast,Epic Games,3:35,8/16/2024,125,Gb Minor,Vocals 3,Bass 2,Lead 4,Drums 5,302,301,717,1129,4,15,63,272,,
5,What Do You Mean?,Justin Bieber,3:28,9/6/2024,125,Ab Major,Vocals 5,Bass 3,Lead 4,Drums 2,526,236,404,684,0,0,0,0,,
5,"Whenever, Wherever",Shakira,3:22,8/30/2024,110,Db Minor,Vocals 5,Bass 3,Lead 4,Drums 4,475,517,989,1127,0,6,272,312,,
6,Africa,Toto,4:50,12/20/2024,93,B Major,Vocals 4,Bass 3,Lead 5,Drums 3,407,650,1011,1938,0,3,21,423,,
6,All Eyez On Me,2Pac ft. Big Syke,5:11,11/28/2024,93,D Minor,Vocals 6,Bass 2,Lead 2,Drums 3,1123,458,887,1595,0,0,0,0,,
6,All I Do Is Win,"DJ Khaled ft. T-Pain, Ludacris, Snoop Dogg & Rick Ross",3:50,11/15/2024,150,D Minor,Vocals 6,Bass 2,Lead 2,Drums 3,816,327,918,827,0,0,0,0,,
6,All I Want For Christmas Is You,Mariah Carey,4:01,12/21/2024,150,G Major,Vocals 6,Bass 4,Lead 5,Drums 4,676,526,1239,964,0,0,116,1,,
6,Armed And Dangerous,Juice WRLD,3:02,11/22/2024,130,Bb Major,Vocals 5,Bass 1,Lead 2,Drums 4,459,90,350,768,0,0,0,0,,
6,Ballin',Mustard ft. Roddy Ricch,3:05,11/2/2024,97,E Minor,Vocals 6,Bass 1,Lead 3,Drums 4,696,98,359,604,100,0,0,62,,
6,Bang Bang,"Jessie J, Nicki Minaj, Ariana Grande",3:21,12/6/2024,150,C Major,Vocals 6,Bass 2,Lead 2,Drums 5,728,185,238,853,0,0,8,14,,
6,Barbarian,Juice WRLD,2:37,12/1/2024,140,Bb Minor,Vocals 6,Bass 1,Lead 4,Drums 5,688,144,476,843,1,0,0,229,,
6,Beautiful,Snoop Dogg ft. Pharrell & Uncle Charlie Wilson,4:57,11/2/2024,101,B Minor,Vocals 5,Bass 2,Lead 2,Drums 3,828,615,1312,1506,0,0,0,86,,
6,Beautiful Things,Benson Boone,3:01,11/22/2024,140,Bb Major,Vocals 4,Bass 3,Lead 3,Drums 3,328,288,516,443,0,0,0,0,,
6,BIRDS OF A FEATHER,Billie Eilish,3:34,12/13/2024,105,D Major,Vocals 4,Bass 3,Lead 3,Drums 4,345,595,474,1859,0,246,0,677,,
6,Bones,Imagine Dragons,2:44,1/3/2025,114,Bb Minor,Vocals 5,Bass 3,Lead 3,Drums 3,463,226,253,353,0,0,12,0,,
6,Bounce Back,Big Sean,3:45,11/2/2024,163,Db Minor,Vocals 6,Bass 2,Lead 3,Drums 5,807,227,459,1085,2,0,1,322,,
6,Break The Curse,Epic Games,3:35,12/1/2024,155,Ab Minor,Vocals 6,Bass 5,Lead 6,Drums 6,519,797,647,1159,4,5,68,0,,
6,Bunny Bounce (Murda Beatz Remix),Epic Games ft. Murda Beatz,2:25,11/2/2024,113,C Minor,Vocals 4,Bass 2,Lead 3,Drums 4,460,367,395,449,0,0,36,0,,
6,Californication,Red Hot Chili Peppers,5:24,1/10/2025,96,A Minor,Vocals 3,Bass 3,Lead 3,Drums 4,487,912,1365,1708,0,33,286,135,,
6,Cat's Prowl,Epic Games,2:52,12/1/2024,166,Gb Major,Vocals 4,Bass 2,Lead 3,Drums 6,554,303,492,1290,1,0,0,326,,
6,Centuries,Fall Out Boy,3:46,12/27/2024,88,E Minor,Vocals 4,Bass 3,Lead 3,Drums 2,535,474,720,595,0,0,25,0,,
6,Crank That (Soulja Boy),Soulja Boy Tell 'Em,3:46,11/2/2024,140,C Minor,Vocals 5,Bass 1,Lead 1,Drums 3,858,109,379,637,0,0,0,72,,
6,Dancing in the Flames,The Weeknd,3:44,12/13/2024,117,Db Major,Vocals 4,Bass 4,Lead 6,Drums 5,350,679,877,1362,0,0,0,495,,
6,Demons,Imagine Dragons,2:59,1/3/2025,90,Eb Major,Vocals 2,Bass 2,Lead 2,Drums 3,348,292,476,319,0,51,0,0,,
6,Disease,Lady Gaga,3:50,12/13/2024,101,B Minor,Vocals 3,Bass 3,Lead 4,Drums 3,519,498,1120,1037,0,0,474,191,,
6,Drop It Like It's Hot,Snoop Dogg ft. Pharrell,4:31,11/2/2024,92,Db Minor,Vocals 5,Bass 1,Lead 2,Drums 1,867,411,241,737,2,0,0,6,,
6,Empty Out Your Pockets,Juice WRLD,2:21,12/1/2024,92,Ab Minor,Vocals 5,Bass 1,Lead 3,Drums 4,447,144,416,800,2,0,0,308,,
6,Everybody (Backstreet's Back),Backstreet Boys,3:48,11/28/2024,108,Bb Minor,Vocals 4,Bass 3,Lead 3,Drums 4,477,391,385,1063,0,0,50,0,,
6,Fat Lip,Sum 41,3:06,1/3/2025,98,E Major,Vocals 5,Bass 4,Lead 5,Drums 4,492,542,924,800,0,86,140,6,,
6,Fireball,Pitbull ft. John Ryan,3:59,12/20/2024,123,F Major,Vocals 6,Bass 4,Lead 4,Drums 3,760,709,1357,1013,0,0,419,0,,
6,For The Night,Pop Smoke w/ Lil Baby & DaBaby,3:16,11/8/2024,126,Db Minor,Vocals 5,Bass 2,Lead 3,Drums 3,654,174,478,550,0,10,3,68,,
6,FTCU,Nicki Minaj,2:44,11/28/2024,145,Eb Minor,Vocals 4,Bass 2,Lead 1,Drums 4,430,256,128,700,0,8,0,157,,
6,Get Busy,Sean Paul,3:42,12/20/2024,100,F Minor,Vocals 4,Bass 1,Lead 4,Drums 3,857,379,802,1548,25,0,130,0,,
6,Ghost,Justin Bieber,2:35,12/6/2024,154,D Major,Vocals 3,Bass 3,Lead 4,Drums 2,289,442,625,405,0,214,152,93,,
6,Give It Away,Red Hot Chili Peppers,4:49,1/10/2025,92,A Major,Vocals 4,Bass 4,Lead 4,Drums 5,898,943,1219,1564,0,2,259,0,,
6,Hey Ya!,Outkast,4:01,11/28/2024,159,G Major,Vocals 4,Bass 3,Lead 3,Drums 1,601,683,1113,759,0,14,117,0,,
6,Hips Don't Lie,Shakira ft. Wyclef Jean,3:41,12/20/2024,100,Bb Minor,Vocals 5,Bass 2,Lead 5,Drums 4,763,388,636,971,40,2,0,12,,
6,In Ha Mood,Ice Spice,2:04,11/15/2024,141,F Minor,Vocals 5,Bass 1,Lead 2,Drums 4,441,143,88,503,0,0,0,35,,
6,Industry Baby,Lil Nas X ft. Jack Harlow,3:36,11/8/2024,150,Eb Minor,Vocals 5,Bass 1,Lead 1,Drums 4,704,204,430,1048,0,0,12,207,,
6,Kryptonite,3 Doors Down,4:00,12/27/2024,99,B Minor,Vocals 3,Bass 2,Lead 3,Drums 4,389,404,965,1088,0,0,139,0,,
6,Larry's Place,Epic Games,2:07,11/2/2024,150,E Minor,Vocals 3,Bass 3,Lead 6,Drums 6,102,173,446,807,0,7,56,195,,
6,Lean Back,Terror Squad ft. Remy & Fat Joe,4:12,11/15/2024,95,Ab Minor,Vocals 6,Bass 1,Lead 4,Drums 2,818,248,1139,1105,0,85,77,58,,
6,Lean Wit Me,Juice WRLD,2:59,11/28/2024,82,Db Minor,Vocals 4,Bass 2,Lead 2,Drums 3,451,206,477,612,9,0,0,151,,
6,Limitless (Murda Beatz Remix),Epic Games ft. Murda Beatz,2:42,11/2/2024,142,G Minor,Vocals 3,Bass 1,Lead 3,Drums 5,521,161,538,1220,9,0,4,454,,
6,Lonely Boy,The Black Keys,3:12,1/3/2025,166,E Minor,Vocals 2,Bass 1,Lead 4,Drums 4,248,276,1334,1557,0,0,417,469,,
6,Magenta Ride,Epic Games,3:09,11/2/2024,96,D Minor,Vocals 4,Bass 4,Lead 5,Drums 4,545,297,599,700,3,0,2,5,,
6,Mambo No. 5 (A Little Bit of...),Lou Bega,3:39,1/10/2025,87,Eb Major,Vocals 5,Bass 1,Lead 4,Drums 4,532,394,702,1573,0,0,20,425,,
6,MILLION DOLLAR BABY,Tommy Richman,2:06,11/8/2024,138,Gb Minor,Vocals 5,Bass 4,Lead 2,Drums 3,352,259,274,707,3,0,0,185,,
6,My House,Flo Rida,3:14,11/22/2024,94,Bb Major,Vocals 5,Bass 1,Lead 2,Drums 2,505,120,334,962,0,0,14,55,,
6,NIGHT DANCER,imase,3:34,12/6/2024,117,G Minor,Vocals 3,Bass 3,Lead 3,Drums 5,544,354,639,957,0,0,0,10,,
6,Night Rose's Song,Epic Games,3:33,12/1/2024,126,Eb Major,Vocals 4,Bass 4,Lead 3,Drums 6,512,484,1132,1151,3,0,158,172,,
6,Oh Shhh...,Ice Spice ft. Travis Scott,2:48,11/15/2024,143,D Minor,Vocals 5,Bass 2,Lead 2,Drums 5,537,215,477,975,0,0,0,173,,
6,Radioactive,Imagine Dragons,3:16,1/3/2025,137,B Minor,Vocals 2,Bass 5,Lead 3,Drums 2,373,480,498,283,0,52,0,0,,
6,Regulate,Warren G ft. Nate Dogg,4:06,11/2/2024,95,E Minor,Vocals 5,Bass 3,Lead 3,Drums 3,708,487,532,1907,0,0,0,628,,
6,Right Round,"Flo Rida, Kesha",3:27,11/15/2024,125,A Minor,Vocals 5,Bass 1,Lead 5,Drums 3,707,146,591,697,0,0,0,54,,
6,Robbery,Juice WRLD,4:05,11/2/2024,160,D Major,Vocals 4,Bass 1,Lead 2,Drums 3,479,126,920,1262,0,0,0,432,,
6,Run It Up (Epic Games),Epic Games,3:07,12/21/2024,144,Db Major,Vocals 4,Bass 3,Lead 4,Drums 5,580,330,520,1019,1,0,0,32,,
6,Sizzlin' Sunshine,Epic Games,4:13,11/2/2024,125,A Minor,Vocals 4,Bass 3,Lead 4,Drums 5,427,815,910,1748,8,0,164,379,,
6,Snow (Hey Oh),Red Hot Chili Peppers,5:38,1/10/2025,105,Ab Minor,Vocals 4,Bass 4,Lead 6,Drums 3,816,1703,2604,1558,0,391,617,0,,
6,Spies! (Marshmello Remix),Epic Games ft. Marshmello,1:42,11/2/2024,97,Eb Minor,Vocals 3,Bass 3,Lead 4,Drums 5,103,147,342,850,0,0,41,304,,
6,Spies! (Murda Beatz Remix),Epic Games ft. Murda Beatz,2:35,11/2/2024,124,B Minor,Vocals 6,Bass 1,Lead 5,Drums 4,616,243,305,1030,1,31,0,293,,
6,"Sugar, We're Goin Down",Fall Out Boy,3:47,12/27/2024,162,D Major,Vocals 4,Bass 3,Lead 4,Drums 5,498,755,1421,1116,0,336,525,180,,
6,Super Bass,Nicki Minaj,3:23,11/8/2024,127,B Major,Vocals 6,Bass 1,Lead 3,Drums 4,815,118,571,797,0,0,0,2,,
6,Take On Me,a-ha,3:52,12/6/2024,169,A Major,Vocals 3,Bass 3,Lead 4,Drums 5,246,649,907,1560,0,85,144,298,,
6,The Brave,YOASOBI,3:18,12/6/2024,104,G Minor,Vocals 6,Bass 6,Lead 7,Drums 6,799,651,890,916,5,75,6,46,,
6,The Diary Of Jane,Breaking Benjamin,3:22,12/20/2024,167,Bb Minor,Vocals 3,Bass 5,Lead 4,Drums 6,288,657,857,948,0,62,172,33,,
6,"This Ain't A Scene, It's An Arms Race",Fall Out Boy,3:33,12/27/2024,100,A Minor,Vocals 3,Bass 3,Lead 4,Drums 5,490,839,1589,939,0,306,487,6,,
6,Tropical Heat,Epic Games,4:13,11/9/2024,125,Gb Minor,Vocals 2,Bass 4,Lead 5,Drums 6,424,804,1038,2203,0,315,68,670,,
6,Tubthumping,Chumbawamba,3:39,12/27/2024,104,D Major,Vocals 4,Bass 2,Lead 3,Drums 5,672,390,687,1070,0,0,33,21,,
6,Turn Up,Epic Games,3:18,11/2/2024,92,Gb Minor,Vocals 3,Bass 3,Lead 4,Drums 3,200,316,697,978,0,0,0,0,,
6,Walk This Way,Run DMC ft. Aerosmith,5:15,11/8/2024,106,C Major,Vocals 5,Bass 2,Lead 5,Drums 3,483,297,1382,1872,3,0,50,8,,
6,Whine Up,Kat DeLuna ft. Elephant Man,3:40,1/10/2025,125,Db Minor,Vocals 5,Bass 2,Lead 3,Drums 4,830,240,651,1223,3,0,47,223,,
6,Wild Ones (Flo Rida),Flo Rida ft. Sia,3:54,11/28/2024,127,Ab Major,Vocals 5,Bass 3,Lead 3,Drums 4,697,761,1103,1007,0,0,0,54,,
6,Wishing Well,Juice WRLD,3:16,11/22/2024,150,A Minor,Vocals 4,Bass 2,Lead 4,Drums 4,509,221,1091,981,0,0,285,299,,
6,"Young, Wild & Free",Snoop Dogg & Wiz Khalifa ft. Bruno Mars,3:29,11/2/2024,95,D Major,Vocals 6,Bass 2,Lead 2,Drums 3,606,373,714,1117,1,0,0,0,,
7,Adam's Song,blink-182,4:15,2/28/2025,136,C Major,Vocals 2,Bass 4,Lead 3,Drums 5,328,1213,1579,1330,0,522,599,49,,
7,Ain't It Fun,Paramore,5:03,3/22/2025,104,A Major,Vocals 4,Bass 5,Lead 4,Drums 4,618,1016,1266,1274,0,0,8,1,,
7,Airplanes,B.o.B. ft. Hayley Williams,3:03,2/21/2025,93,Ab Minor,Vocals 5,Bass 2,Lead 3,Drums 4,633,273,688,709,0,0,0,50,,
7,Beauty and a Beat,Justin Bieber ft. Nicki Minaj,3:51,1/17/2025,128,C Major,Vocals 5,Bass 4,Lead 3,Drums 4,517,838,749,909,4,0,80,60,,
7,Bling-Bang-Bang-Born,Creepy Nuts,2:51,2/14/2025,157,A Minor,Vocals 7,Bass 3,Lead 4,Drums 3,878,419,719,829,32,0,8,76,,
7,Built Together,Epic Games,3:15,3/11/2025,124,Db Minor,Vocals 3,Bass 4,Lead 6,Drums 3,270,420,724,990,0,36,48,0,,
7,Cherry Cordial,Epic Games,3:10,1/14/2025,128,B Minor,Vocals 4,Bass 4,Lead 4,Drums 3,701,531,664,924,0,0,0,3,,
7,Closer (Ne-Yo),Ne-Yo,3:58,2/7/2025,126,E Minor,Vocals 4,Bass 3,Lead 4,Drums 5,544,351,749,1446,0,0,87,322,,
7,Crimson Barony,Epic Games,2:51,2/22/2025,150,G Minor,Vocals 3,Bass 2,Lead 5,Drums 7,235,157,303,945,8,0,6,40,,
7,Daisy 2.0,Ashnikko ft. Hatsune Miku,2:52,1/14/2025,131,Eb Major,Vocals 4,Bass 3,Lead 3,Drums 4,528,134,386,939,0,0,0,98,,
7,Decade,Dixie Flatline ft. Hatsune Miku,3:39,3/14/2025,127,Bb Major,Vocals 5,Bass 3,Lead 4,Drums 3,615,618,1556,774,0,0,384,0,,
7,Dexting,Epic Games,2:17,1/14/2025,145,A Minor,Vocals 4,Bass 3,Lead 3,Drums 6,420,228,347,628,0,0,0,0,,
7,Don't Cross Me,Epic Games,2:46,2/22/2025,87,D Minor,Vocals 4,Bass 2,Lead 4,Drums 5,587,125,984,1007,0,0,274,224,,
7,Faint,Linkin Park,2:46,3/28/2025,135,Db Minor,Vocals 5,Bass 2,Lead 4,Drums 4,453,380,841,854,0,0,0,3,,
7,Fell In Love With A Girl,The White Stripes,1:51,1/31/2025,96,B Major,Vocals 4,Bass 2,Lead 3,Drums 2,375,356,829,581,0,0,74,0,,
7,First Person,Epic Games,2:59,1/14/2025,96,F Minor,Vocals 4,Bass 3,Lead 4,Drums 4,321,257,417,794,21,0,100,148,,
7,Gasolina,Daddy Yankee,3:19,4/6/2025,96,F Minor,Vocals 6,Bass 2,Lead 5,Drums 4,731,363,822,944,7,0,238,104,,
7,Godzilla,Blue Öyster Cult,3:47,1/17/2025,92,Gb Minor,Vocals 4,Bass 3,Lead 5,Drums 4,506,472,722,1180,0,0,8,10,,
7,I Want It That Way,Backstreet Boys,3:37,3/7/2025,99,A Major,Vocals 3,Bass 1,Lead 2,Drums 2,449,314,829,806,0,0,0,24,,
7,I Write Sins Not Tragedies,Panic! At The Disco,3:09,1/24/2025,170,A Minor,Vocals 4,Bass 4,Lead 4,Drums 4,399,584,1152,736,0,198,258,57,,
7,IDOL,YOASOBI,3:36,2/7/2025,166,A Minor,Vocals 6,Bass 5,Lead 6,Drums 7,856,632,927,1563,0,5,3,314,,
7,Insane in the Brain,Cypress Hill,3:33,1/17/2025,102,D Major,Vocals 5,Bass 1,Lead 3,Drums 2,598,382,179,1157,0,0,0,0,,
7,Last Resort (2020),Papa Roach,3:25,2/14/2025,91,E Minor,Vocals 4,Bass 3,Lead 5,Drums 5,452,758,1451,976,2,259,380,0,,
7,Lose Control,Teddy Swims,3:31,2/14/2025,107,Gb Minor,Vocals 5,Bass 3,Lead 3,Drums 4,485,253,618,717,0,0,0,0,,
7,Love Don't Cost A Thing,Jennifer Lopez,3:46,1/14/2025,98,E Minor,Vocals 5,Bass 3,Lead 4,Drums 5,701,319,756,1344,0,0,21,325,,
7,M@GICAL☆CURE! LOVE SHOT!,SAWTOWNE ft. Hatsune Miku,3:24,1/14/2025,96,A Major,Vocals 6,Bass 5,Lead 7,Drums 6,682,914,1206,1080,0,8,10,37,,
7,Melt,ryo (supercell) ft. Hatsune Miku,4:01,3/14/2025,170,D Major,Vocals 4,Bass 5,Lead 6,Drums 6,623,1123,930,1495,0,326,98,229,,
7,MIA,Bad Bunny & Drake,3:35,1/17/2025,97,Gb Minor,Vocals 5,Bass 2,Lead 2,Drums 4,666,465,876,984,1,0,0,0,,
7,Miku,"Anamanaguchi, Hatsune Miku",3:43,1/14/2025,128,Db Major,Vocals 4,Bass 4,Lead 4,Drums 4,469,413,434,758,0,0,0,25,,
7,Never Gonna Give You Up,Rick Astley,3:57,4/1/2025,113,Bb Minor,Vocals 4,Bass 4,Lead 3,Drums 4,642,882,431,1125,0,16,15,69,,
7,No Scrubs,TLC,4:02,1/24/2025,93,Ab Minor,Vocals 6,Bass 2,Lead 3,Drums 4,849,309,666,1376,0,0,0,268,,
7,Not Without a Fight,Epic Games,2:52,1/14/2025,120,C Minor,Vocals 4,Bass 2,Lead 4,Drums 4,445,235,357,695,0,25,0,58,,
7,On The Floor,Jennifer Lopez ft. Pitbull,4:48,1/31/2025,130,Eb Minor,Vocals 5,Bass 3,Lead 3,Drums 3,924,626,820,844,0,0,0,94,,
7,Overcompensate,Twenty One Pilots,3:59,2/7/2025,95,F Minor,Vocals 5,Bass 4,Lead 5,Drums 6,715,508,934,1023,1,14,172,27,,
7,Party Like A Rock Star,Shop Boyz,4:03,1/31/2025,145,Gb Minor,Vocals 4,Bass 3,Lead 3,Drums 4,719,442,660,1584,0,68,30,537,,
7,Pumped Up Kicks,Foster The People,3:43,3/7/2025,128,Eb Major,Vocals 3,Bass 3,Lead 3,Drums 4,539,470,488,1397,0,0,0,366,,
7,Roar,Katy Perry,3:46,3/19/2025,90,Bb Major,Vocals 4,Bass 1,Lead 2,Drums 4,543,101,766,1039,0,0,8,190,,
7,Runamok,Tasty Bois (ft. Backchat),2:32,2/22/2025,109,B Minor,Vocals 5,Bass 2,Lead 1,Drums 5,504,220,162,541,0,0,0,6,,
7,Short Skirt/Long Jacket,Cake,3:27,1/14/2025,120,D Major,Vocals 4,Bass 4,Lead 4,Drums 3,413,519,528,1288,0,0,5,72,,
7,Somebody That I Used To Know,Gotye ft. Kimbra,4:10,1/24/2025,129,D Minor,Vocals 4,Bass 2,Lead 3,Drums 5,466,462,593,1149,0,0,0,43,,
7,Sour 'n Sweet,Epic Games,3:09,3/26/2025,104,F Minor,Vocals 5,Bass 1,Lead 3,Drums 5,616,246,570,985,0,0,15,24,,
7,Stacy's Mom,Fountains of Wayne,3:21,4/4/2025,118,E Major,Vocals 3,Bass 2,Lead 2,Drums 3,475,600,960,1245,0,0,0,0,,
7,Still Into You,Paramore,3:32,3/22/2025,136,F Major,Vocals 4,Bass 4,Lead 4,Drums 5,460,720,1098,971,0,150,325,71,,
7,Takaneno Hanakosan,back number,4:57,2/28/2025,138,A Major,Vocals 4,Bass 5,Lead 4,Drums 5,629,1001,1814,1660,0,159,657,100,,
7,The Emptiness Machine,Linkin Park,3:15,3/28/2025,92,D Minor,Vocals 3,Bass 2,Lead 2,Drums 3,379,444,808,712,0,108,154,0,,
7,The Pretender,Foo Fighters,4:31,3/7/2025,173,A Minor,Vocals 4,Bass 4,Lead 4,Drums 5,580,984,1706,1342,0,393,418,161,,
7,The Way I Are,Timbaland ft. Keri Hilson & D.O.E.,3:04,2/28/2025,115,Ab Minor,Vocals 4,Bass 1,Lead 2,Drums 2,455,222,640,916,0,38,162,0,,
7,Through the Fire and Flames,DragonForce,7:22,3/14/2025,100,C Minor,Vocals 3,Bass 6,Lead 7,Drums 7,548,2582,3600,3451,0,1138,682,376,,
7,Up From The Bottom,Linkin Park,3:06,3/28/2025,107,F Minor,Vocals 4,Bass 3,Lead 4,Drums 4,457,461,684,740,0,26,56,24,,
7,Welcome Home,Coheed and Cambria,6:18,3/7/2025,154,Ab Minor,Vocals 3,Bass 5,Lead 5,Drums 5,453,1358,1538,2061,0,46,52,55,,
7,Who Let The Dogs Out,Baha Men,3:23,2/21/2025,129,C Major,Vocals 6,Bass 3,Lead 4,Drums 5,708,351,454,969,0,2,6,59,,
7,Work Work,Britney Spears,4:10,1/14/2025,128,E Minor,Vocals 4,Bass 4,Lead 4,Drums 4,522,498,946,1137,0,0,16,201,,
7,World Is Mine,ryo (supercell) ft. Hatsune Miku,4:15,1/14/2025,165,F Minor,Vocals 5,Bass 5,Lead 5,Drums 6,651,915,979,1354,0,160,14,58,,
7,Yoru Ni Kakeru,YOASOBI,4:22,2/7/2025,130,C Minor,Vocals 6,Bass 6,Lead 7,Drums 6,774,1011,1410,1424,0,11,99,144,,
8,2055,Sleepy Hallow,2:08,4/19/2025,161,Gb Minor,Vocals 4,Bass 1,Lead 2,Drums 1,394,41,261,203,0,0,0,0,,
8,A Bar Song,Shaboozey,2:54,4/26/2025,162,A Major,Vocals 4,Bass 1,Lead 3,Drums 3,494,92,772,729,0,0,89,138,,
8,afraid,2hollis ft. Nate Sib,3:04,6/6/2025,153,Ab Major,Vocals 5,Bass 2,Lead 6,Drums 3,451,389,728,816,0,0,52,0,,
8,Alien Boy,Oliver Tree,2:48,5/24/2025,130,Db Major,Vocals 3,Bass 2,Lead 3,Drums 3,303,141,184,502,0,0,0,0,,
8,All My People,Epic Games,3:39,4/8/2025,118,C Minor,Vocals 2,Bass 4,Lead 4,Drums 4,315,514,677,1129,0,4,10,57,,
8,Basic Being Basic,Djo,2:44,4/11/2025,122,Db Major,Vocals 4,Bass 1,Lead 2,Drums 3,432,120,310,966,6,0,0,1,,
8,Bed Chem,Sabrina Carpenter,2:52,5/30/2025,95,D Major,Vocals 4,Bass 2,Lead 3,Drums 3,482,136,438,817,0,0,0,39,,
8,Blame Brett,The Beaches,2:58,4/17/2025,156,E Major,Vocals 4,Bass 3,Lead 3,Drums 4,442,875,1043,1112,0,416,387,236,,
8,C.R.E.A.M. (Cash Rules Everything Around Me),Wu-Tang Clan,3:59,4/17/2025,90,Gb Minor,Vocals 5,Bass 1,Lead 3,Drums 4,803,95,707,1258,0,0,0,0,,
8,Chrome Dome (Fortnite Rearrangement),John Williams,3:02,5/3/2025,172,F Minor,Vocals 5,Bass 4,Lead 7,Drums 3,421,463,810,422,38,20,20,0,,
8,Dark Horse,Katy Perry ft. Juicy J,3:36,4/8/2025,132,Bb Minor,Vocals 4,Bass 1,Lead 3,Drums 3,606,345,570,586,0,28,0,4,,
8,Dream On,Aerosmith,4:28,5/14/2025,80,F Minor,Vocals 4,Bass 2,Lead 5,Drums 2,393,333,950,686,4,4,12,0,,
8,Free Bird,Lynyrd Skynyrd,9:48,5/10/2025,146,G Major,Vocals 2,Bass 7,Lead 7,Drums 6,268,2292,2473,3284,0,228,158,295,,
8,"Good Luck, Babe!",Chappell Roan,3:38,5/9/2025,117,D Major,Vocals 4,Bass 2,Lead 4,Drums 3,463,649,940,1303,0,0,32,1,,
8,Heavy,The Marías,4:14,4/11/2025,97,C Major,Vocals 3,Bass 3,Lead 3,Drums 3,302,612,483,1145,0,0,0,10,,
8,Hot In Herre,Nelly,3:52,4/26/2025,107,E Minor,Vocals 6,Bass 1,Lead 1,Drums 5,863,216,322,1156,0,0,0,11,,
8,if u think i'm pretty,Artemas,2:10,4/17/2025,144,C Minor,Vocals 3,Bass 1,Lead 3,Drums 2,311,63,491,555,0,0,183,202,,
8,Infinite Hype (DJ Skee Remix),Epic Games,2:55,5/13/2025,150,A Minor,Vocals 4,Bass 2,Lead 3,Drums 6,412,227,284,883,3,2,35,38,,
8,Juno,Sabrina Carpenter,3:45,4/8/2025,130,F Major,Vocals 4,Bass 3,Lead 3,Drums 3,479,718,665,1036,1,323,2,263,,
8,Lapti Nek (Jabba's Palace),John Williams & The London Symphony Orchestra,2:49,5/3/2025,131,G Minor,Vocals 4,Bass 4,Lead 4,Drums 5,294,431,634,956,0,2,21,0,,
8,Liar,Jelly Roll,3:26,4/26/2025,114,Bb Minor,Vocals 3,Bass 1,Lead 4,Drums 3,483,30,844,873,0,0,128,66,,
8,Livin' La Vida Loca,Ricky Martin,4:04,5/28/2025,178,Db Minor,Vocals 5,Bass 3,Lead 5,Drums 5,624,640,1184,1170,0,35,177,0,,
8,Magnetic,ILLIT,2:43,6/11/2025,131,Bb Minor,Vocals 4,Bass 4,Lead 6,Drums 4,472,439,638,732,0,0,0,21,,
8,Make the Crowd Roar,Epic Games,2:50,6/8/2025,146,E Minor,Vocals 4,Bass 5,Lead 5,Drums 5,476,281,401,1205,0,17,8,264,,
8,Make You Mine,Madison Beer,3:45,5/16/2025,123,Gb Minor,Vocals 3,Bass 2,Lead 4,Drums 3,558,252,692,649,0,0,24,24,,
8,Move Like the Mist,Epic Games,3:17,6/8/2025,124,F Major,Vocals 3,Bass 2,Lead 3,Drums 4,223,612,891,967,0,0,0,6,,
8,No Doubt,ENHYPEN,2:48,6/11/2025,130,Ab Minor,Vocals 5,Bass 1,Lead 2,Drums 4,416,166,450,772,0,0,0,180,,
8,Nonsense,Sabrina Carpenter,2:49,4/8/2025,139,Ab Major,Vocals 4,Bass 3,Lead 4,Drums 4,533,324,591,569,2,8,0,98,,
8,Please Please Please,Sabrina Carpenter,3:09,4/8/2025,107,A Major,Vocals 4,Bass 2,Lead 5,Drums 2,354,245,854,642,0,0,6,0,,
8,redrum,21 Savage,4:33,5/17/2025,86,D Minor,Vocals 4,Bass 1,Lead 2,Drums 3,714,211,306,703,0,0,0,32,,
8,Seven,"Jung Kook, Latto",3:06,6/11/2025,125,B Major,Vocals 5,Bass 2,Lead 2,Drums 3,687,199,405,643,0,0,0,6,,
8,Show Em (What We Can Do),Epic Games,3:18,4/16/2025,110,G Minor,Vocals 5,Bass 4,Lead 3,Drums 4,671,402,518,584,0,0,0,0,,
8,Smells Like Teen Spirit,Nirvana,5:06,6/6/2025,117,F Minor,Vocals 3,Bass 3,Lead 4,Drums 5,385,950,1309,1683,0,69,197,0,,
8,Someday,The Strokes,3:09,5/21/2025,106,A Major,Vocals 3,Bass 2,Lead 4,Drums 3,262,315,1325,820,0,0,519,0,,
8,Star Wars Main Title Theme/March of the Resistance (Fortnite Rearrangement),John Williams & The London Symphony Orchestra,3:05,5/3/2025,108,Bb Major,Vocals 5,Bass 4,Lead 6,Drums 3,517,510,967,509,20,57,138,33,,
8,Stay Alta,Estelle ft. Channel Tres,4:53,5/24/2025,133,C Minor,Vocals 4,Bass 3,Lead 2,Drums 4,673,346,605,1139,0,8,0,0,,
8,Sunflower - Spider-Man: Into the Spider-Verse,Post Malone w/ Swae Lee,2:39,6/6/2025,90,D Major,Vocals 4,Bass 2,Lead 3,Drums 3,374,132,339,867,0,0,0,316,,
8,Taste,Sabrina Carpenter,2:39,4/8/2025,113,Eb Major,Vocals 4,Bass 3,Lead 4,Drums 4,414,234,590,643,0,0,0,0,,
8,The Future Me,Epic Games,3:47,4/8/2025,172,Ab Major,Vocals 4,Bass 4,Lead 6,Drums 7,555,706,1203,1398,0,175,54,82,,
8,The Giver,Chappell Roan,3:23,5/24/2025,93,B Major,Vocals 4,Bass 4,Lead 5,Drums 4,432,630,903,871,0,0,32,7,,
8,The Imperial March (Darth Vader's Theme),John Williams & The London Symphony Orchestra,3:03,5/3/2025,102,G Minor,Vocals 5,Bass 5,Lead 5,Drums 5,524,734,1033,700,100,245,342,45,,
8,The Last Cavallard,Epic Games,3:35,4/8/2025,118,C Major,Vocals 4,Bass 3,Lead 5,Drums 3,390,372,664,1193,0,0,2,0,,
8,Touch the Sun,Epic Games,2:52,4/8/2025,125,B Minor,Vocals 3,Bass 3,Lead 6,Drums 4,339,413,735,903,0,0,71,144,,
8,U Should Not Be Doing That,Amyl and The Sniffers,3:24,4/11/2025,125,Ab Minor,Vocals 5,Bass 4,Lead 5,Drums 4,359,685,456,1246,0,0,44,0,,
8,What Are You Waiting For,d4vd,2:26,4/25/2025,166,Db Major,Vocals 5,Bass 4,Lead 4,Drums 4,476,503,612,1118,0,212,44,337,,
8,When I Let the Music Play,Epic Games,3:01,6/8/2025,128,Ab Major,Vocals 4,Bass 3,Lead 3,Drums 4,335,348,471,775,9,0,2,63,,
8,Where My Wookiees At?,Epic Games,3:07,5/3/2025,150,Eb Minor,Vocals 5,Bass 4,Lead 7,Drums 5,561,533,1237,1354,13,16,86,340,,
8,Who,Jimin,2:53,6/11/2025,116,C Minor,Vocals 4,Bass 2,Lead 4,Drums 3,433,173,842,597,0,0,173,0,,
8,Wild Ones (Jessie),Jessie Murph ft. Jelly Roll,2:27,4/17/2025,136,A Minor,Vocals 4,Bass 1,Lead 3,Drums 2,494,82,489,472,0,0,0,0,,
8,You Oughta Know,Alanis Morissette,4:12,4/8/2025,105,Gb Major,Vocals 4,Bass 5,Lead 3,Drums 4,523,782,773,1122,1,41,34,1,,
9,8ths,deadmau5,6:07,8/6/2025,128,F Minor,Vocals 2,Bass 3,Lead 1,Drums 4,725,1825,558,998,256,698,0,155,,
9,ABC,Jackson 5,3:08,6/18/2025,149,Ab Major,Vocals 5,Bass 3,Lead 2,Drums 4,544,464,484,957,0,0,0,24,,
9,APT.,"ROSÉ, Bruno Mars",2:52,6/18/2025,94,C Minor,Vocals 4,Bass 4,Lead 4,Drums 4,536,365,738,1106,0,25,181,267,,
9,Best of You,Foo Fighters,4:20,7/11/2025,130,Db Minor,Vocals 2,Bass 3,Lead 4,Drums 5,450,793,1785,1104,0,213,733,2,,
9,Bonde Do Brunão,Bruno Mars,0:59,6/18/2025,130,Bb Minor,Vocals 4,Bass 1,Lead 2,Drums 5,183,85,109,454,10,0,2,135,,
9,Break From Toronto,PARTYNEXTDOOR,1:44,8/1/2025,117,B Minor,Vocals 5,Bass 1,Lead 2,Drums 4,229,73,242,473,2,0,0,55,,
9,Bruno-San’s Theme Song,Bruno Mars,1:03,6/18/2025,150,E Major,Vocals 3,Bass 3,Lead 5,Drums 4,112,227,291,399,0,81,25,99,,
9,Dance Therapy,Epic Games,3:09,6/18/2025,138,G Major,Vocals 5,Bass 2,Lead 5,Drums 6,408,738,517,771,0,367,16,0,,
9,Die With A Smile,"Lady Gaga, Bruno Mars",4:10,6/18/2025,106,A Major,Vocals 4,Bass 3,Lead 4,Drums 5,461,352,933,990,0,0,102,188,,
9,Eye of the Storm,Epic Games,3:16,8/1/2025,85,A Major,Vocals 4,Bass 3,Lead 4,Drums 4,342,208,478,823,0,0,0,90,,
9,For O.X.R.!,Epic Games,2:31,8/7/2025,160,D Minor,Vocals 4,Bass 4,Lead 4,Drums 5,339,495,618,884,4,128,95,49,,
9,Funny Song,Slipstream Music,1:50,7/25/2025,160,A Major,Vocals 4,Bass 2,Lead 4,Drums 1,240,70,430,66,0,0,0,0,,
9,Ghosts 'n' Stuff,"deadmau5, Rob Swire",3:20,8/6/2025,128,Bb Minor,Vocals 2,Bass 3,Lead 2,Drums 2,249,213,244,858,0,0,0,277,,
9,Gimme Chocolate!!,BABYMETAL,3:52,8/22/2025,110,E Major,Vocals 4,Bass 5,Lead 7,Drums 6,518,1254,1866,1545,0,345,418,74,,
9,Go Go Power Rangers,Ron Wasserman,3:59,8/9/2025,94,E Minor,Vocals 3,Bass 5,Lead 7,Drums 5,243,905,1234,1542,0,28,156,259,,
9,HAPPY (Day6),DAY6,3:10,8/1/2025,160,E Major,Vocals 4,Bass 5,Lead 4,Drums 4,395,878,1199,888,0,334,485,0,,
9,I'm the Visual,Epic Games,2:22,8/7/2025,128,Eb Minor,Vocals 4,Bass 2,Lead 2,Drums 5,425,172,292,777,0,0,0,71,,
9,Into the Underworld,Epic Games,3:31,6/18/2025,136,F Minor,Vocals 3,Bass 4,Lead 5,Drums 4,618,483,632,1248,214,78,0,280,,
9,Leave The Door Open,Silk Sonic,4:00,6/18/2025,148,C Major,Vocals 5,Bass 4,Lead 4,Drums 4,645,432,562,971,0,0,0,91,,
9,Let It Burn,Epic Games,3:05,6/18/2025,130,G Minor,Vocals 4,Bass 3,Lead 3,Drums 5,555,249,370,818,23,4,0,30,,
9,Locked Out Of Heaven,Bruno Mars,3:55,7/18/2025,144,D Minor,Vocals 4,Bass 4,Lead 3,Drums 4,514,857,1236,1179,0,255,389,191,,
9,Memories,Epic Games,2:47,8/7/2025,120,C Major,Vocals 3,Bass 4,Lead 4,Drums 3,283,374,595,868,0,0,99,15,,
9,Monster,YOASOBI,3:28,7/11/2025,170,E Major,Vocals 5,Bass 5,Lead 5,Drums 5,644,781,491,1126,0,2,4,120,,
9,Move,Epic Games,2:44,6/18/2025,110,Bb Minor,Vocals 5,Bass 4,Lead 5,Drums 4,417,437,619,767,0,6,44,6,,
9,Mun Ra,Sabotage & Instituto,4:39,6/18/2025,88,E Minor,Vocals 7,Bass 3,Lead 4,Drums 3,1484,579,751,1411,107,0,18,0,,
9,Old Town Road (Remix),Lil Nas X ft. Billy Ray Cyrus,2:39,7/4/2025,136,Ab Minor,Vocals 4,Bass 1,Lead 2,Drums 4,403,140,422,721,0,0,0,253,,
9,PLAYERS,YOASOBI,3:25,8/22/2025,93,E Major,Vocals 5,Bass 6,Lead 7,Drums 6,662,813,1026,1298,0,181,1,161,,
9,Scary Monsters and Nice Sprites,Skrillex,4:06,8/13/2025,140,G Minor,Vocals 4,Bass 4,Lead 3,Drums 5,170,346,708,1229,6,20,1,423,,
9,SLAY!,Eternxlkz,1:47,6/27/2025,130,F Minor,Vocals 3,Bass 2,Lead 3,Drums 1,325,288,389,186,22,0,0,0,,
9,Strobe (Radio Edit),deadmau5,3:39,8/6/2025,128,Ab Minor,Vocals 1,Bass 3,Lead 4,Drums 3,132,576,1119,778,0,0,0,2,,
9,That's What I Like,Bruno Mars,3:28,7/18/2025,134,Bb Minor,Vocals 5,Bass 3,Lead 3,Drums 4,630,397,396,1065,0,0,0,245,,
9,The Zephyr Song,Red Hot Chili Peppers,3:57,7/23/2025,117,C Major,Vocals 3,Bass 4,Lead 3,Drums 3,369,669,820,1761,0,9,64,259,,
9,Your Universe,Epic Games,2:40,8/7/2025,88,C Major,Vocals 4,Bass 3,Lead 7,Drums 7,362,333,752,1351,0,0,18,292,,
10,Big Dawgs,Hanumankind ft. Kalmi,3:15,9/5/2025,90,E Minor,Vocals 5,Bass 1,Lead 2,Drums 4,746,171,257,1263,0,0,0,436,,
10,Bum Bum,Mr. Pig,2:51,9/12/2025,127,G Minor,Vocals 5,Bass 2,Lead 4,Drums 3,692,521,332,619,34,0,6,0,,
10,Chyld of Dawn,Epic Games,2:47,8/27/2025,96,G Major,Vocals 3,Bass 4,Lead 4,Drums 5,231,818,660,842,0,224,0,66,,
10,Clint Eastwood,Gorillaz,4:05,8/27/2025,84,Eb Minor,Vocals 5,Bass 2,Lead 4,Drums 3,702,277,528,1210,0,0,30,53,,
10,Come Alive,Epic Games,3:26,8/27/2025,116,D Minor,Vocals 4,Bass 4,Lead 4,Drums 5,366,438,404,1359,0,0,0,62,,
10,DARE,Gorillaz ft. Shaun Ryder & Roses Gabor,4:08,8/27/2025,120,G Minor,Vocals 3,Bass 1,Lead 3,Drums 3,335,205,511,1849,0,0,0,436,,
10,End of the Earth,Epic Games,2:54,8/27/2025,128,Ab Major,Vocals 3,Bass 3,Lead 3,Drums 4,266,675,1179,987,0,1,505,53,,
10,GIVENCHY,DUKI,3:06,9/12/2025,138,C Minor,Vocals 6,Bass 1,Lead 3,Drums 3,798,105,356,955,55,0,0,304,,
10,Interstate Love Song,Stone Temple Pilots,3:17,8/27/2025,85,E Major,Vocals 2,Bass 4,Lead 4,Drums 3,170,512,1007,999,0,0,143,16,,
10,Locked and Loaded,d4vd,2:40,9/5/2025,100,G Minor,Vocals 5,Bass 1,Lead 3,Drums 5,355,77,437,623,0,0,157,71,,
10,Montagem Tomada (Slowed),MXZI,1:27,8/27/2025,109,A Minor,Vocals 3,Bass 2,Lead 2,Drums 1,304,122,230,91,47,0,0,0,,
10,Move Your Feet,Junior Senior,3:02,9/5/2025,118,E Minor,Vocals 4,Bass 3,Lead 4,Drums 4,424,289,769,1027,0,0,8,12,,
10,On Melancholy Hill,Gorillaz,3:49,8/27/2025,120,D Major,Vocals 3,Bass 1,Lead 4,Drums 2,195,424,485,1192,0,0,6,0,,
10,Pick It Up (Remix),Epic Games,2:59,8/27/2025,155,A Minor,Vocals 4,Bass 1,Lead 3,Drums 4,456,255,372,1148,0,0,4,273,,
10,Run It Up (Hanumankind),Hanumankind,2:59,8/27/2025,135,Gb Minor,Vocals 6,Bass 2,Lead 1,Drums 6,734,170,74,884,0,0,0,0,,
10,Cheguei,LUDMILLA,2:55,9/19/2025,130,Gb Minor,Vocals 4,Bass 2,Lead 4,Drums 4,612,254,443,670,42,6,0,9,,
10,Proibida Pra Mim (Grazon),Charlie Brown Jr.,2:47,9/19/2025,163,Eb Major,Vocals 3,Bass 4,Lead 4,Drums 5,310,616,975,972,0,1,246,89,,
10,Wildberry Lillet,Nina Chuba,2:15,9/19/2025,140,Gb Minor,Vocals 5,Bass 1,Lead 3,Drums 4,537,93,544,510,0,11,0,113,,
10,As Alive As You Need Me To Be,Nine Inch Nails,3:59,9/20/2025,107,E Minor,Vocals 3,Bass 4,Lead 3,Drums 4,343,1102,239,980,0,313,21,109,,
10,I Feel It Coming,The Weeknd ft. Daft Punk,3:49,9/24/2025,93,C Minor,Vocals 4,Bass 3,Lead 4,Drums 4,550,267,842,1447,0,0,0,533,,
10,Get Lucky,Daft Punk ft. Pharrell Williams and Nile Rodgers,6:26,9/26/2025,116,Gb Minor,Vocals 4,Bass 5,Lead 5,Drums 4,839,1011,3179,2651,0,18,1188,485,,
10,Instant Crush,Daft Punk ft. Julian Casablancas,6:13,9/26/2025,110,Bb Minor,Vocals 4,Bass 5,Lead 4,Drums 2,822,964,1347,2526,0,0,30,569,,
10,Starboy,The Weeknd ft. Daft Punk,3:50,9/26/2025,93,A Minor,Vocals 5,Bass 2,Lead 1,Drums 2,851,613,238,694,0,0,0,0,,
10,from me to u,BABYMETAL ft. Poppy,3:25,10/2/2025,100,A Minor,Vocals 5,Bass 6,Lead 7,Drums 7,498,1020,1454,1333,0,255,285,120,,
10,Let Me Hold You,Netsky & Hybrid Minds,3:22,10/2/2025,87,Ab Major,Vocals 4,Bass 1,Lead 2,Drums 5,425,130,380,783,0,0,0,0,,
11,Another Life,Motionless In White,3:26,10/9/2025,162,E Minor,Vocals 3,Bass 3,Lead 4,Drums 5,328,414,1015,846,0,0,171,74,,
11,Champion,Fall Out Boy,3:14,10/9/2025,94,A Minor,Vocals 4,Bass 3,Lead 3,Drums 4,497,305,453,852,0,0,22,177,,
11,El Paletero,Epic Games,3:23,10/9/2025,99,A Minor,Vocals 5,Bass 2,Lead 5,Drums 3,649,238,838,1052,32,0,8,0,,
11,Friendly Fire,Epic Games,2:41,10/9/2025,160,A Minor,Vocals 4,Bass 4,Lead 4,Drums 5,189,816,638,1086,0,309,35,210,,
11,Gorgeous,Doja Cat,4:29,10/9/2025,88,C Major,Vocals 5,Bass 2,Lead 3,Drums 4,867,419,438,1751,0,0,2,408,,
11,I Love Rock N Roll,Joan Jett & The Blackhearts,3:00,10/9/2025,95,E Minor,Vocals 4,Bass 2,Lead 3,Drums 1,400,230,501,816,0,0,54,0,,
11,In My Room,Julia Wolf,2:50,10/9/2025,160,A Major,Vocals 3,Bass 2,Lead 4,Drums 4,311,276,777,698,0,0,107,1,,
11,On and On (Remix),Epic Games,3:12,10/9/2025,145,F Minor,Vocals 4,Bass 4,Lead 5,Drums 6,247,449,1507,1215,0,10,510,66,,
11,Ride,Epic Games,2:51,10/9/2025,94,E Minor,Vocals 5,Bass 3,Lead 4,Drums 6,677,169,556,1003,0,0,0,26,,
11,Rocket Man,Elton John,4:49,10/9/2025,137,Bb Major,Vocals 3,Bass 2,Lead 5,Drums 4,466,281,1318,918,0,1,0,3,,
11,AAAHH MEN!,Doja Cat,3:15,10/10/2025,115,Gb Major,Vocals 6,Bass 4,Lead 4,Drums 5,598,472,698,1031,0,4,89,238,,
11,PPAP (Pen Pineapple Apple Pen) [Long Version],Pikotaro,2:07,10/10/2025,136,Db Minor,Vocals 3,Bass 4,Lead 3,Drums 4,197,341,205,562,0,0,45,126,,
11,What's New Scooby-Doo?,Simple Plan,1:09,10/12/2025,158,Db Major,Vocals 3,Bass 4,Lead 3,Drums 4,177,255,323,415,0,78,61,39,,
11,OIIA OIIA (Spinning Cat),W&W,2:18,10/24/2025,150,Eb Minor,Vocals 6,Bass 3,Lead 4,Drums 5,640,316,297,833,0,60,64,164,,
11,Shelter,"Porter Robinson, Madeon",3:42,10/24/2025,100,C Major,Vocals 3,Bass 2,Lead 4,Drums 5,509,221,323,1146,0,0,272,315,,
11,The Simpsons Main Title Theme,Danny Elfman,1:21,11/2/2025,172,C Major,Vocals 6,Bass 2,Lead 7,Drums 6,316,164,471,384,0,0,0,12,,