Season,Title,Artist,Vocals Note Ct,Bass Note Ct,Lead Note Ct,Drums Note Ct,Vocals Ing,Vocals Tier,Bass Ing,Bass Tier,Lead Ing,Lead Tier,Drums Ing,Drums Tier,,,Bonus%,Bonus
1,bad guy,Billie Eilish,432,356,144,654,Vocals 3,"0,3",Bass 2,"0,2",Lead 2,"0,2",Drums 3,"0,3",,,80,"0,1"
1,Bad Romance,Lady Gaga,720,1429,663,1089,Vocals 4,"0,4",Bass 4,"0,4",Lead 2,"0,2",Drums 2,"0,2",,,81,"0,18"
1,Barbie Girl,Aqua,574,424,746,838,Vocals 4,"0,4",Bass 4,"0,4",Lead 2,"0,2",Drums 4,"0,4",,,82,"0,25"
1,Basket Case,Green Day,226,610,1346,755,Vocals 3,"0,3",Bass 5,"0,5",Lead 5,"0,5",Drums 6,3,,,83,"0,3"
1,Beautiful Day,U2,359,892,1126,1119,Vocals 3,"0,3",Bass 3,"0,3",Lead 4,"0,4",Drums 3,"0,3",,,84,"0,35"
1,Believer,Imagine Dragons,516,54,766,894,Vocals 5,"0,5",Bass 1,"0,1",Lead 2,"0,2",Drums 4,"0,4",,,85,"0,4"
1,Blinding Lights,The Weeknd,324,165,468,1237,Vocals 3,"0,3",Bass 2,"0,2",Lead 3,"0,3",Drums 3,"0,3",,,86,"0,45"
1,Brace for Chaos,Epic Games,551,311,438,1474,Vocals 5,"0,5",Bass 3,"0,3",Lead 4,"0,4",Drums 5,"0,5",,,87,"0,5"
1,Buddy Holly,Weezer,337,642,1038,1058,Vocals 4,"0,4",Bass 3,"0,3",Lead 3,"0,3",Drums 4,"0,4",,,88,"0,55"
1,Butter Barn Hoedown,Epic Games,360,358,471,680,Vocals 5,"0,5",Bass 2,"0,2",Lead 5,"0,5",Drums 3,"0,3",,,89,"0,6"
1,Cake By The Ocean,DNCE,594,707,1102,1228,Vocals 4,"0,4",Bass 3,"0,3",Lead 4,"0,4",Drums 4,"0,4",,,90,"0,65"
1,Can't Feel My Face,The Weeknd,522,476,270,794,Vocals 4,"0,4",Bass 4,"0,4",Lead 1,"0,1",Drums 1,"0,1",,,91,"0,7"
1,Counting Stars,OneRepublic,681,408,1731,1246,Vocals 5,"0,5",Bass 2,"0,2",Lead 5,"0,5",Drums 4,"0,4",,,92,"0,75"
1,Cradles,Sub Urban,318,127,465,559,Vocals 2,"0,2",Bass 1,"0,1",Lead 2,"0,2",Drums 4,"0,4",,,93,"0,8"
1,Dirty Little Secret,The All-American Rejects,363,637,1143,1004,Vocals 3,"0,3",Bass 3,"0,3",Lead 3,"0,3",Drums 4,"0,4",,,94,"0,85"
1,Dog Days Are Over,Florence + The Machine,409,50,1714,1015,Vocals 4,"0,4",Bass 1,"0,1",Lead 2,"0,2",Drums 4,"0,4",,,95,"0,87"
1,emo girl,mgk ft. WILLOW,390,656,887,1165,Vocals 3,"0,3",Bass 2,"0,2",Lead 3,"0,3",Drums 4,"0,4",,,96,"0,89"
1,Flickering Flame,Epic Games,409,332,378,647,Vocals 5,"0,5",Bass 3,"0,3",Lead 5,"0,5",Drums 5,"0,5",,,97,"0,93"
1,Flowers,Miley Cyrus,418,483,386,865,Vocals 4,"0,4",Bass 4,"0,4",Lead 3,"0,3",Drums 3,"0,3",,,98,"0,96"
1,Gangnam Style,PSY,629,745,1056,983,Vocals 4,"0,4",Bass 4,"0,4",Lead 4,"0,4",Drums 5,"0,5",,,99,"0,99"
1,get him back!,Olivia Rodrigo,667,287,726,1215,Vocals 5,"0,5",Bass 2,"0,2",Lead 4,"0,4",Drums 4,"0,4",,,100,1
1,Go With The Flow,Queens of the Stone Age,516,949,1225,1258,Vocals 3,"0,3",Bass 3,"0,3",Lead 3,"0,3",Drums 5,"0,5",,,,
1,good 4 u,Olivia Rodrigo,538,485,792,993,Vocals 5,"0,5",Bass 3,"0,3",Lead 4,"0,4",Drums 5,"0,5",,,,
1,Heartbreaker,Pat Benatar,319,672,1142,1153,Vocals 4,"0,4",Bass 2,"0,2",Lead 5,"0,5",Drums 5,"0,5",,,,
1,Heat Waves,Glass Animals,540,145,1069,1367,Vocals 4,"0,4",Bass 1,"0,1",Lead 5,"0,5",Drums 4,"0,4",,,,
1,Highway Tune,Greta van Fleet,183,537,986,937,Vocals 4,"0,4",Bass 3,"0,3",Lead 6,6,Drums 4,"0,4",,,,
1,Hold Me Closer,Elton John & Britney Spears,276,464,614,657,Vocals 4,"0,4",Bass 3,"0,3",Lead 5,"0,5",Drums 3,"0,3",,,,
1,i,Kendrick Lamar,835,568,1062,1383,Vocals 7,2,Bass 7,3,Lead 4,"0,4",Drums 6,5,,,,
1,I Still Haven't Found What I'm Looking For,U2,291,640,725,1810,Vocals 3,"0,3",Bass 2,"0,2",Lead 3,"0,3",Drums 4,"0,4",,,,
1,Into You,Ariana Grande,656,398,940,779,Vocals 5,"0,5",Bass 3,"0,3",Lead 3,"0,3",Drums 3,"0,3",,,,
1,Less Than,Nine Inch Nails,305,806,1253,1089,Vocals 2,"0,2",Bass 3,"0,3",Lead 5,"0,5",Drums 5,"0,5",,,,
1,Make It Known,Epic Games,763,310,498,1301,Vocals 6,1,Bass 3,"0,3",Lead 3,"0,3",Drums 6,5,,,,
1,March Of The Pigs,Nine Inch Nails,253,1191,1147,1930,Vocals 3,"0,3",Bass 5,"0,5",Lead 5,"0,5",Drums 7,4,,,,
1,Mr. Brightside,The Killers,365,814,1064,1613,Vocals 4,"0,4",Bass 3,"0,3",Lead 4,"0,4",Drums 6,4,,,,
1,My Songs Know What You Did in the Dark (Light Em Up),Fall Out Boy,518,475,1101,959,Vocals 4,"0,4",Bass 3,"0,3",Lead 3,"0,3",Drums 4,"0,4",,,,
1,Nothing's Alright,WitchGang,321,198,406,944,Vocals 3,"0,3",Bass 1,"0,1",Lead 1,"0,1",Drums 3,"0,3",,,,
1,OG (Future Remix),Epic Games,306,302,415,839,Vocals 4,"0,4",Bass 4,"0,4",Lead 5,"0,5",Drums 5,"0,5",,,,
1,Party Rock Anthem,LMFAO ft. Lauren Bennett & GoonRock,579,593,1113,1040,Vocals 5,"0,5",Bass 2,"0,2",Lead 2,"0,2",Drums 5,"0,5",,,,
1,Poison,Bell Biv DeVoe,698,670,180,1635,Vocals 5,"0,5",Bass 3,"0,3",Lead 1,"0,1",Drums 4,"0,4",,,,
1,Pompeii,Bastille,527,579,1346,1078,Vocals 5,"0,5",Bass 3,"0,3",Lead 3,"0,3",Drums 5,"0,5",,,,
1,Popular,"The Weeknd, Madonna & Playboi Carti",717,188,404,866,Vocals 5,"0,5",Bass 1,"0,1",Lead 4,"0,4",Drums 5,"0,5",,,,
1,Return of the Tiger,Epic Games,780,530,698,1540,Vocals 5,"0,5",Bass 5,"0,5",Lead 5,"0,5",Drums 6,5,,,,
1,Run It,Epic Games,394,193,212,752,Vocals 4,"0,4",Bass 2,"0,2",Lead 1,"0,1",Drums 3,"0,3",,,,
1,Save Your Tears,The Weeknd,439,715,627,1026,Vocals 4,"0,4",Bass 2,"0,2",Lead 2,"0,2",Drums 2,"0,2",,,,
1,Say So,Doja Cat,573,349,918,1127,Vocals 5,"0,5",Bass 3,"0,3",Lead 3,"0,3",Drums 2,"0,2",,,,
1,Seven Nation Army,The White Stripes,235,460,395,841,Vocals 3,"0,3",Bass 2,"0,2",Lead 4,"0,4",Drums 1,"0,1",,,,
1,Show Them Who We Are,Epic Games,565,348,282,1345,Vocals 5,"0,5",Bass 3,"0,3",Lead 1,"0,1",Drums 5,"0,5",,,,
1,Single Soon,Selena Gomez,421,739,346,718,Vocals 4,"0,4",Bass 3,"0,3",Lead 2,"0,2",Drums 4,"0,4",,,,
1,Stitches,Shawn Mendes,453,314,1345,567,Vocals 4,"0,4",Bass 2,"0,2",Lead 4,"0,4",Drums 2,"0,2",,,,
1,Streets Ignite,Epic Games,566,409,440,932,Vocals 5,"0,5",Bass 5,"0,5",Lead 5,"0,5",Drums 4,"0,4",,,,
1,Suddenly I See,KT Tunstall,465,600,1086,1109,Vocals 4,"0,4",Bass 3,"0,3",Lead 5,"0,5",Drums 4,"0,4",,,,
1,Switch Up,Epic Games,233,219,556,584,Vocals 3,"0,3",Bass 2,"0,2",Lead 4,"0,4",Drums 3,"0,3",,,,
1,Take Me Higher,Epic Games,447,253,858,1203,Vocals 4,"0,4",Bass 2,"0,2",Lead 4,"0,4",Drums 5,"0,5",,,,
1,Take My Breath,The Weeknd,469,352,824,1453,Vocals 4,"0,4",Bass 2,"0,2",Lead 5,"0,5",Drums 4,"0,4",,,,
1,The Hand That Feeds,Nine Inch Nails,389,1161,1666,1328,Vocals 3,"0,3",Bass 3,"0,3",Lead 4,"0,4",Drums 4,"0,4",,,,
1,The Hills,The Weeknd,493,288,450,733,Vocals 3,"0,3",Bass 2,"0,2",Lead 1,"0,1",Drums 3,"0,3",,,,
1,The Search,NF,990,532,415,414,Vocals 6,3,Bass 2,"0,2",Lead 2,"0,2",Drums 4,"0,4",,,,
1,Thunder,Imagine Dragons,389,570,392,646,Vocals 3,"0,3",Bass 1,"0,1",Lead 3,"0,3",Drums 3,"0,3",,,,
1,Timeless,WitchGang,381,257,267,523,Vocals 4,"0,4",Bass 3,"0,3",Lead 4,"0,4",Drums 4,"0,4",,,,
1,vampire,Olivia Rodrigo,605,565,985,740,Vocals 5,"0,5",Bass 4,"0,4",Lead 4,"0,4",Drums 4,"0,4",,,,
1,Welcome to Paradise,Green Day,292,1161,1666,1332,Vocals 3,"0,3",Bass 6,5,Lead 6,6,Drums 7,7,,,,
1,What Is Love,Haddaway,437,623,833,1478,Vocals 3,"0,3",Bass 2,"0,2",Lead 4,"0,4",Drums 3,"0,3",,,,
1,When I Come Around,Green Day,253,744,822,847,Vocals 3,"0,3",Bass 5,"0,5",Lead 3,"0,3",Drums 4,"0,4",,,,
1,Winterfest Wish,Epic Games,542,351,452,1113,Vocals 4,"0,4",Bass 3,"0,3",Lead 3,"0,3",Drums 5,"0,5",,,,
1,With Or Without You,U2,254,964,793,1595,Vocals 2,"0,2",Bass 1,"0,1",Lead 4,"0,4",Drums 5,"0,5",,,,
1,You Don't Know Me,Epic Games,496,382,770,939,Vocals 3,"0,3",Bass 5,"0,5",Lead 5,"0,5",Drums 7,4,,,,
1,Zombie,The Cranberries,300,934,1193,1784,Vocals 3,"0,3",Bass 2,"0,2",Lead 3,"0,3",Drums 4,"0,4",,,,
2,(Don't Fear) The Reaper,Blue Öyster Cult,288,988,1371,1831,Vocals 3,"0,3",Bass 6,3,Lead 6,3,Drums 7,7,,,,
2,8-Bit Beat,Epic Games,391,430,499,569,Vocals 7,5,Bass 4,"0,4",Lead 6,2,Drums 5,"0,5",,,,
2,All of Me (Tiësto's Birthday Treatment Remix),John Legend,438,459,798,1201,Vocals 3,"0,3",Bass 2,"0,2",Lead 4,"0,4",Drums 3,"0,3",,,,
2,All The Small Things,blink-182,316,943,1240,1229,Vocals 2,"0,2",Bass 2,"0,2",Lead 3,"0,3",Drums 5,"0,5",,,,
2,Applause,Lady Gaga,549,327,687,620,Vocals 4,"0,4",Bass 3,"0,3",Lead 3,"0,3",Drums 3,"0,3",,,,
2,Astronaut In The Ocean,Masked Wolf,510,165,142,791,Vocals 6,2,Bass 1,"0,1",Lead 1,"0,1",Drums 4,"0,4",,,,
2,Best Buds,Epic Games,307,603,681,818,Vocals 4,"0,4",Bass 4,"0,4",Lead 3,"0,3",Drums 5,"0,5",,,,
2,Big Energy,Latto,629,205,533,894,Vocals 5,"0,5",Bass 1,"0,1",Lead 3,"0,3",Drums 2,"0,2",,,,
2,Black Hole Sun,Soundgarden,327,470,927,1303,Vocals 3,"0,3",Bass 3,"0,3",Lead 5,"0,5",Drums 5,"0,5",,,,
2,Bloody Mary,Lady Gaga,456,579,448,953,Vocals 4,"0,4",Bass 5,"0,5",Lead 3,"0,3",Drums 2,"0,2",,,,
2,Bloom,Epic Games,370,227,529,600,Vocals 4,"0,4",Bass 4,"0,4",Lead 5,"0,5",Drums 4,"0,4",,,,
2,Born This Way,Lady Gaga,717,855,1079,987,Vocals 4,"0,4",Bass 5,"0,5",Lead 5,"0,5",Drums 4,"0,4",,,,
2,Boy's A Liar Pt. 2,PinkPantheress & Ice Spice,462,225,517,578,Vocals 5,"0,5",Bass 4,"0,4",Lead 4,"0,4",Drums 4,"0,4",,,,
2,Breaking Me,Topic w/ A7S,482,215,158,440,Vocals 4,"0,4",Bass 2,"0,2",Lead 1,"0,1",Drums 3,"0,3",,,,
2,Bust A Move,Young MC,847,797,842,1571,Vocals 6,1,Bass 4,"0,4",Lead 3,"0,3",Drums 4,"0,4",,,,
2,Call Me Maybe,Carly Rae Jepsen,469,180,793,695,Vocals 4,"0,4",Bass 1,"0,1",Lead 4,"0,4",Drums 3,"0,3",,,,
2,Carry on Wayward Son,Kansas,344,781,1138,1631,Vocals 3,"0,3",Bass 5,"0,5",Lead 7,6,Drums 4,"0,4",,,,
2,Closer (Chainsmokers),The Chainsmokers ft. Halsey,499,384,704,802,Vocals 3,"0,3",Bass 2,"0,2",Lead 3,"0,3",Drums 3,"0,3",,,,
2,Come & Go,Juice WRLD w/ Marshmello,473,254,748,859,Vocals 4,"0,4",Bass 2,"0,2",Lead 4,"0,4",Drums 6,4,,,,
2,Don't You Worry Child,Swedish House Mafia ft. John Martin,360,326,1021,800,Vocals 3,"0,3",Bass 3,"0,3",Lead 3,"0,3",Drums 4,"0,4",,,,
2,Down with the Sickness,Disturbed,612,999,1660,1587,Vocals 4,"0,4",Bass 5,"0,5",Lead 5,"0,5",Drums 5,"0,5",,,,
2,Ella Baila Sola,"Eslabon Armado, Peso Pluma",276,795,773,732,Vocals 4,"0,4",Bass 6,6,Lead 6,6,Drums 3,"0,3",,,,
2,Everlong,Foo Fighters,272,986,1711,1944,Vocals 3,"0,3",Bass 4,"0,4",Lead 4,"0,4",Drums 7,9,,,,
2,Eyes Closed,Imagine Dragons,535,302,381,739,Vocals 5,"0,5",Bass 3,"0,3",Lead 3,"0,3",Drums 4,"0,4",,,,
2,Feel Good Inc,Gorillaz,513,234,613,1225,Vocals 5,"0,5",Bass 1,"0,1",Lead 2,"0,2",Drums 4,"0,4",,,,
2,Feel It Still,Portugal. The Man,423,423,306,1069,Vocals 4,"0,4",Bass 2,"0,2",Lead 4,"0,4",Drums 3,"0,3",,,,
2,Firework,Katy Perry,490,572,1482,1090,Vocals 3,"0,3",Bass 2,"0,2",Lead 3,"0,3",Drums 3,"0,3",,,,
2,High Hopes,Panic! At The Disco,597,364,756,1040,Vocals 5,"0,5",Bass 4,"0,4",Lead 3,"0,3",Drums 5,"0,5",,,,
2,Hysteria,Muse,164,1311,1173,908,Vocals 3,"0,3",Bass 6,4,Lead 6,2,Drums 5,"0,5",,,,
2,I Think I'm OKAY,"mgk, YUNGBLUD, Travis Barker",412,297,682,781,Vocals 3,"0,3",Bass 2,"0,2",Lead 3,"0,3",Drums 4,"0,4",,,,
2,I Wanna Get Better,Bleachers,608,575,1356,1058,Vocals 5,"0,5",Bass 4,"0,4",Lead 6,7,Drums 5,"0,5",,,,
2,I Wish,Skee-Lo,1008,874,1084,890,Vocals 6,2,Bass 5,"0,5",Lead 3,"0,3",Drums 2,"0,2",,,,
2,It Takes Two,Rob Base & DJ EZ Rock,828,104,238,1640,Vocals 5,"0,5",Bass 1,"0,1",Lead 1,"0,1",Drums 3,"0,3",,,,
2,Just A Girl,No Doubt,352,690,1090,954,Vocals 3,"0,3",Bass 4,"0,4",Lead 5,"0,5",Drums 4,"0,4",,,,
2,Just Dance,Lady Gaga ft. Colby O'Donis,691,448,513,857,Vocals 5,"0,5",Bass 2,"0,2",Lead 3,"0,3",Drums 1,"0,1",,,,
2,Kids,MGMT,463,935,514,1105,Vocals 2,"0,2",Bass 3,"0,3",Lead 4,"0,4",Drums 4,"0,4",,,,
2,Like A G6,Far East Movement ft. The Cataracs & Dev,719,264,469,895,Vocals 5,"0,5",Bass 1,"0,1",Lead 2,"0,2",Drums 5,"0,5",,,,
2,Lucid Dreams,Juice WRLD,643,244,725,697,Vocals 4,"0,4",Bass 2,"0,2",Lead 3,"0,3",Drums 4,"0,4",,,,
2,MakeDamnSure,Taking Back Sunday,449,796,1057,856,Vocals 4,"0,4",Bass 3,"0,3",Lead 3,"0,3",Drums 4,"0,4",,,,
2,Me Too,Meghan Trainor,533,456,169,879,Vocals 4,"0,4",Bass 2,"0,2",Lead 2,"0,2",Drums 5,"0,5",,,,
2,Mi Gente,J. Balvin & Willy William,444,109,391,697,Vocals 5,"0,5",Bass 1,"0,1",Lead 1,"0,1",Drums 5,"0,5",,,,
2,Misery Business,Paramore,516,752,1135,1214,Vocals 5,"0,5",Bass 5,"0,5",Lead 6,4,Drums 6,4,,,,
2,Mood,24kGoldn ft. iann dior,563,211,520,697,Vocals 5,"0,5",Bass 2,"0,2",Lead 2,"0,2",Drums 3,"0,3",,,,
2,Moves Like Jagger,Maroon 5 ft. Christina Aguilera,651,463,1254,910,Vocals 5,"0,5",Bass 2,"0,2",Lead 4,"0,4",Drums 4,"0,4",,,,
2,Numb,Linkin Park,358,107,246,1167,Vocals 3,"0,3",Bass 1,"0,1",Lead 1,"0,1",Drums 3,"0,3",,,,
2,Paint The Town Red,Doja Cat,730,179,671,670,Vocals 5,"0,5",Bass 1,"0,1",Lead 2,"0,2",Drums 3,"0,3",,,,
2,Poker Face,Lady Gaga,637,899,539,821,Vocals 3,"0,3",Bass 2,"0,2",Lead 2,"0,2",Drums 2,"0,2",,,,
2,Rain On Me,Lady Gaga & Ariana Grande,491,342,409,817,Vocals 5,"0,5",Bass 4,"0,4",Lead 3,"0,3",Drums 4,"0,4",,,,
2,Ride Wit Me,Nelly ft. City Spud,1070,440,2393,1959,Vocals 6,1,Bass 2,"0,2",Lead 4,"0,4",Drums 5,"0,5",,,,
2,Roses (Imanbek Remix),SAINt JHN,531,452,302,745,Vocals 4,"0,4",Bass 2,"0,2",Lead 1,"0,1",Drums 4,"0,4",,,,
2,Sandstorm,Darude,1565,1220,1189,1388,Vocals 5,"0,5",Bass 6,7,Lead 6,4,Drums 5,"0,5",,,,
2,Santeria,Sublime,344,679,629,1149,Vocals 4,"0,4",Bass 5,"0,5",Lead 5,"0,5",Drums 5,"0,5",,,,
2,Scenario,A Tribe Called Quest ft. Leaders Of The New School,1043,309,166,1205,Vocals 6,2,Bass 1,"0,1",Lead 1,"0,1",Drums 3,"0,3",,,,
2,Shivers,Ed Sheeran,690,316,604,1269,Vocals 5,"0,5",Bass 3,"0,3",Lead 4,"0,4",Drums 4,"0,4",,,,
2,So What,P!nk,561,1136,2095,913,Vocals 5,"0,5",Bass 3,"0,3",Lead 4,"0,4",Drums 4,"0,4",,,,
2,Song 2,Blur,155,597,1367,698,Vocals 2,"0,2",Bass 3,"0,3",Lead 4,"0,4",Drums 4,"0,4",,,,
2,Stupid Love,Lady Gaga,522,962,132,1195,Vocals 4,"0,4",Bass 5,"0,5",Lead 1,"0,1",Drums 4,"0,4",,,,
2,Sucker,Jonas Brothers,592,440,763,1113,Vocals 4,"0,4",Bass 3,"0,3",Lead 3,"0,3",Drums 5,"0,5",,,,
2,Super Freak,Rick James,350,445,910,1354,Vocals 4,"0,4",Bass 3,"0,3",Lead 4,"0,4",Drums 3,"0,3",,,,
2,Surround Sound,JID ft. 21 Savage & Baby Tate,963,293,737,918,Vocals 7,2,Bass 1,"0,1",Lead 3,"0,3",Drums 3,"0,3",,,,
2,Swim Free,Epic Games,537,567,591,901,Vocals 5,"0,5",Bass 4,"0,4",Lead 5,"0,5",Drums 5,"0,5",,,,
2,t r a n s p a r e n t s o u l,WILLOW ft. Travis Barker,295,605,485,1181,Vocals 4,"0,4",Bass 3,"0,3",Lead 4,"0,4",Drums 6,7,,,,
2,The Edge of Glory,Lady Gaga,550,818,1355,1589,Vocals 3,"0,3",Bass 2,"0,2",Lead 6,2,Drums 3,"0,3",,,,
2,The Hunting Ground,Epic Games,440,316,580,1121,Vocals 5,"0,5",Bass 3,"0,3",Lead 4,"0,4",Drums 5,"0,5",,,,
2,The Middle (Jimmy),Jimmy Eat World,327,780,1272,1158,Vocals 4,"0,4",Bass 3,"0,3",Lead 4,"0,4",Drums 4,"0,4",,,,
2,The Middle (Zedd),"Zedd, Maren Morris & Grey",475,192,563,615,Vocals 5,"0,5",Bass 3,"0,3",Lead 4,"0,4",Drums 5,"0,5",,,,
2,The Way Life Goes,Lil Uzi Vert ft. Oh Wonder,767,54,494,762,Vocals 5,"0,5",Bass 1,"0,1",Lead 2,"0,2",Drums 4,"0,4",,,,
2,What I Got,Sublime,475,545,757,821,Vocals 5,"0,5",Bass 3,"0,3",Lead 5,"0,5",Drums 4,"0,4",,,,
2,What's My Age Again?,blink-182,298,571,767,725,Vocals 4,"0,4",Bass 5,"0,5",Lead 4,"0,4",Drums 5,"0,5",,,,
2,WHATS POPPIN,Jack Harlow,570,130,457,793,Vocals 6,1,Bass 2,"0,2",Lead 2,"0,2",Drums 4,"0,4",,,,
2,Wolves,Selena Gomez w/Marshmello,500,436,610,690,Vocals 4,"0,4",Bass 2,"0,2",Lead 4,"0,4",Drums 4,"0,4",,,,
2,Woman,Doja Cat,579,216,298,1197,Vocals 5,"0,5",Bass 1,"0,1",Lead 1,"0,1",Drums 5,"0,5",,,,
2,X Gon' Give It To Ya,DMX,789,229,477,843,Vocals 6,1,Bass 1,"0,1",Lead 2,"0,2",Drums 3,"0,3",,,,
2,XO Tour Llif3,Lil Uzi Vert,561,266,610,813,Vocals 5,"0,5",Bass 3,"0,3",Lead 2,"0,2",Drums 4,"0,4",,,,
2,YOU DON'T KNOW WHAT YOU'VE GOT,blink-182,317,593,896,1340,Vocals 2,"0,2",Bass 3,"0,3",Lead 3,"0,3",Drums 6,6,,,,
2,You're All Mine,Epic Games,564,567,894,877,Vocals 4,"0,4",Bass 5,"0,5",Lead 6,3,Drums 6,4,,,,
2,Your Love (9pm),"ATB, Topic, A7S",279,201,286,521,Vocals 3,"0,3",Bass 2,"0,2",Lead 2,"0,2",Drums 3,"0,3",,,,
3,all the good girls go to hell,Billie Eilish,346,299,371,616,Vocals 5,"0,5",Bass 3,"0,3",Lead 3,"0,3",Drums 5,"0,5",,,,
3,Bandit,Don Toliver,573,150,235,750,Vocals 5,"0,5",Bass 2,"0,2",Lead 3,"0,3",Drums 4,"0,4",,,,
3,Before I Forget,Slipknot,517,1067,1532,1477,Vocals 3,"0,3",Bass 5,"0,5",Lead 6,8,Drums 6,8,,,,
3,Beggin',Måneskin,595,352,968,1190,Vocals 5,"0,5",Bass 4,"0,4",Lead 5,"0,5",Drums 6,5,,,,
3,Better Now,Post Malone,769,176,1348,793,Vocals 4,"0,4",Bass 2,"0,2",Lead 3,"0,3",Drums 4,"0,4",,,,
3,Blitzkrieg Bop,Ramones,261,619,1027,1149,Vocals 3,"0,3",Bass 2,"0,2",Lead 3,"0,3",Drums 3,"0,3",,,,
3,Breed,Nirvana,304,680,1420,960,Vocals 3,"0,3",Bass 5,"0,5",Lead 6,6,Drums 5,"0,5",,,,
3,Bring Me To Life,Evanescence,400,572,1305,903,Vocals 4,"0,4",Bass 4,"0,4",Lead 4,"0,4",Drums 5,"0,5",,,,
3,Bulls On Parade,Rage Against The Machine,338,593,988,1032,Vocals 5,"0,5",Bass 4,"0,4",Lead 4,"0,4",Drums 5,"0,5",,,,
3,Cantina Band,John Williams & The London Symphony Orchestra,614,454,783,1059,Vocals 6,7,Bass 5,"0,5",Lead 6,5,Drums 6,6,,,,
3,Change,Epic Games,424,644,815,819,Vocals 4,"0,4",Bass 5,"0,5",Lead 7,4,Drums 5,"0,5",,,,
3,Changes,2Pac ft. Talent,991,225,676,1220,Vocals 6,1,Bass 2,"0,2",Lead 4,"0,4",Drums 4,"0,4",,,,
3,Cheap Thrills,Sia ft. Sean Paul,617,336,900,788,Vocals 5,"0,5",Bass 2,"0,2",Lead 2,"0,2",Drums 4,"0,4",,,,
3,CHIHIRO,Billie Eilish,555,773,1158,1016,Vocals 4,"0,4",Bass 4,"0,4",Lead 5,"0,5",Drums 4,"0,4",,,,
3,Circles,Post Malone,417,453,796,963,Vocals 2,"0,2",Bass 2,"0,2",Lead 4,"0,4",Drums 1,"0,1",,,,
3,Creatures In Heaven,Glass Animals,615,145,1317,1279,Vocals 3,"0,3",Bass 1,"0,1",Lead 4,"0,4",Drums 4,"0,4",,,,
3,Dragula,Rob Zombie,394,746,1081,1347,Vocals 3,"0,3",Bass 3,"0,3",Lead 4,"0,4",Drums 4,"0,4",,,,
3,Find the Fury,Epic Games,575,332,414,647,Vocals 5,"0,5",Bass 5,"0,5",Lead 3,"0,3",Drums 5,"0,5",,,,
3,Fire and Steel,Epic Games,308,384,921,1030,Vocals 3,"0,3",Bass 4,"0,4",Lead 5,"0,5",Drums 6,4,,,,
3,Friday I'm In Love,The Cure,382,633,727,729,Vocals 4,"0,4",Bass 3,"0,3",Lead 4,"0,4",Drums 4,"0,4",,,,
3,Fuel,Metallica,355,1244,1449,1376,Vocals 4,"0,4",Bass 5,"0,5",Lead 6,8,Drums 5,"0,5",,,,
3,Get Low,Lil Jon & The East Side Boyz ft. Ying Yang Twins,1134,377,635,1291,Vocals 6,3,Bass 1,"0,1",Lead 2,"0,2",Drums 2,"0,2",,,,
3,Give Me Everything,"Pitbull ft. Ne-Yo, Afrojack & Nayer",754,316,894,1270,Vocals 5,"0,5",Bass 1,"0,1",Lead 3,"0,3",Drums 4,"0,4",,,,
3,Hail To The King,Avenged Sevenfold,296,679,1327,1522,Vocals 2,"0,2",Bass 2,"0,2",Lead 7,4,Drums 2,"0,2",,,,
3,Happier Than Ever - Edit,Billie Eilish,226,133,401,390,Vocals 4,"0,4",Bass 3,"0,3",Lead 3,"0,3",Drums 3,"0,3",,,,
3,Heathens,Twenty One Pilots,404,146,558,574,Vocals 4,"0,4",Bass 2,"0,2",Lead 3,"0,3",Drums 2,"0,2",,,,
3,I Had Some Help,Post Malone ft. Morgan Wallen,368,627,570,1086,Vocals 4,"0,4",Bass 4,"0,4",Lead 4,"0,4",Drums 4,"0,4",,,,
3,Killing In The Name,Rage Against The Machine,628,1018,1628,1576,Vocals 5,"0,5",Bass 5,"0,5",Lead 5,"0,5",Drums 6,7,,,,
3,Kiss Me More,Doja Cat ft. SZA,661,236,884,936,Vocals 5,"0,5",Bass 2,"0,2",Lead 3,"0,3",Drums 2,"0,2",,,,
3,Lord of the Wasteland,Epic Games,409,986,1048,1279,Vocals 3,"0,3",Bass 5,"0,5",Lead 5,"0,5",Drums 5,"0,5",,,,
3,Lovin On Me,Jack Harlow,580,279,206,571,Vocals 5,"0,5",Bass 2,"0,2",Lead 1,"0,1",Drums 3,"0,3",,,,
3,LUNCH,Billie Eilish,454,332,238,758,Vocals 3,"0,3",Bass 3,"0,3",Lead 3,"0,3",Drums 3,"0,3",,,,
3,Maps,Maroon 5,571,400,655,976,Vocals 4,"0,4",Bass 2,"0,2",Lead 3,"0,3",Drums 4,"0,4",,,,
3,Master of Puppets,Metallica,448,2377,2800,2842,Vocals 3,"0,3",Bass 7,7,Lead 7,9,Drums 6,6,,,,
3,my ex's best friend,mgk & blackbear,452,287,528,733,Vocals 4,"0,4",Bass 2,"0,2",Lead 3,"0,3",Drums 4,"0,4",,,,
3,Next Semester,Twenty One Pilots,460,645,1293,990,Vocals 4,"0,4",Bass 4,"0,4",Lead 4,"0,4",Drums 6,5,,,,
3,Oxytocin,Billie Eilish,374,478,783,1228,Vocals 3,"0,3",Bass 3,"0,3",Lead 4,"0,4",Drums 4,"0,4",,,,
3,Pea Like Me,Epic Games,764,489,728,955,Vocals 7,3,Bass 3,"0,3",Lead 5,"0,5",Drums 5,"0,5",,,,
3,positions,Ariana Grande,508,182,510,672,Vocals 5,"0,5",Bass 1,"0,1",Lead 4,"0,4",Drums 3,"0,3",,,,
3,Ruby Soho,Rancid,361,466,1281,953,Vocals 4,"0,4",Bass 3,"0,3",Lead 4,"0,4",Drums 4,"0,4",,,,
3,Runaway,WitchGang,515,148,701,842,Vocals 5,"0,5",Bass 1,"0,1",Lead 5,"0,5",Drums 5,"0,5",,,,
3,Sabotage,Beastie Boys,299,1593,2041,699,Vocals 4,"0,4",Bass 4,"0,4",Lead 4,"0,4",Drums 3,"0,3",,,,
3,Savage,Megan Thee Stallion,456,165,368,475,Vocals 5,"0,5",Bass 2,"0,2",Lead 1,"0,1",Drums 3,"0,3",,,,
3,Side To Side,Ariana Grande ft. Nicki Minaj,721,411,719,955,Vocals 5,"0,5",Bass 3,"0,3",Lead 2,"0,2",Drums 5,"0,5",,,,
3,Silly Bros,Epic Games,570,121,186,547,Vocals 5,"0,5",Bass 1,"0,1",Lead 2,"0,2",Drums 3,"0,3",,,,
3,Starships,Nicki Minaj,556,424,791,606,Vocals 5,"0,5",Bass 3,"0,3",Lead 2,"0,2",Drums 3,"0,3",,,,
3,Stressed Out,Twenty One Pilots,619,291,313,781,Vocals 6,1,Bass 2,"0,2",Lead 2,"0,2",Drums 3,"0,3",,,,
3,Stronger (What Doesn't Kill You),Kelly Clarkson,528,905,1701,1066,Vocals 4,"0,4",Bass 4,"0,4",Lead 4,"0,4",Drums 2,"0,2",,,,
3,Sweet Victory,Epic Games,381,556,630,1102,Vocals 2,"0,2",Bass 4,"0,4",Lead 4,"0,4",Drums 2,"0,2",,,,
3,the boy is mine,Ariana Grande,390,261,376,730,Vocals 4,"0,4",Bass 3,"0,3",Lead 4,"0,4",Drums 4,"0,4",,,,
3,THE DINER,Billie Eilish,339,142,474,921,Vocals 4,"0,4",Bass 2,"0,2",Lead 3,"0,3",Drums 2,"0,2",,,,
3,Therefore I Am,Billie Eilish,401,394,249,642,Vocals 4,"0,4",Bass 3,"0,3",Lead 2,"0,2",Drums 2,"0,2",,,,
3,This Is How We Do It,Montell Jordan,705,357,324,1162,Vocals 4,"0,4",Bass 1,"0,1",Lead 2,"0,2",Drums 3,"0,3",,,,
3,Toxicity,System Of A Down,312,995,1243,1347,Vocals 3,"0,3",Bass 5,"0,5",Lead 5,"0,5",Drums 6,3,,,,
3,"yes, and?",Ariana Grande,565,407,615,721,Vocals 5,"0,5",Bass 2,"0,2",Lead 2,"0,2",Drums 3,"0,3",,,,
3,Youngblood,5 Seconds of Summer,576,467,772,772,Vocals 4,"0,4",Bass 2,"0,2",Lead 4,"0,4",Drums 3,"0,3",,,,
4,24K Magic,Bruno Mars,688,537,557,1130,Vocals 5,"0,5",Bass 4,"0,4",Lead 4,"0,4",Drums 3,"0,3",,,,
4,abcdefu,GAYLE,462,145,768,471,Vocals 3,"0,3",Bass 1,"0,1",Lead 2,"0,2",Drums 2,"0,2",,,,
4,Ain't No Rest For The Wicked,Cage The Elephant,547,185,971,700,Vocals 5,"0,5",Bass 2,"0,2",Lead 3,"0,3",Drums 3,"0,3",,,,
4,All The Stars,Kendrick Lamar ft. SZA,649,135,349,1085,Vocals 4,"0,4",Bass 1,"0,1",Lead 2,"0,2",Drums 4,"0,4",,,,
4,Battery,Metallica,291,1184,1715,1842,Vocals 4,"0,4",Bass 5,"0,5",Lead 7,9,Drums 7,9,,,,
4,Black Beatles,Rae Sremmurd ft. Gucci Mane,834,281,732,1682,Vocals 4,"0,4",Bass 1,"0,1",Lead 1,"0,1",Drums 4,"0,4",,,,
4,Blueberry Faygo,Lil Mosey,504,223,206,525,Vocals 4,"0,4",Bass 1,"0,1",Lead 1,"0,1",Drums 3,"0,3",,,,
4,Bouncin' Back,Epic Games,636,474,821,841,Vocals 6,1,Bass 4,"0,4",Lead 4,"0,4",Drums 5,"0,5",,,,
4,Butter,BTS,544,439,478,716,Vocals 5,"0,5",Bass 4,"0,4",Lead 3,"0,3",Drums 3,"0,3",,,,
4,Can't Stop The Feeling!,Justin Timberlake,652,534,513,1410,Vocals 4,"0,4",Bass 3,"0,3",Lead 3,"0,3",Drums 4,"0,4",,,,
4,DÁKITI,Bad Bunny and Jhayco,626,71,231,447,Vocals 5,"0,5",Bass 1,"0,1",Lead 2,"0,2",Drums 2,"0,2",,,,
4,Day 'N' Nite,Kid Cudi,540,183,964,696,Vocals 3,"0,3",Bass 1,"0,1",Lead 3,"0,3",Drums 3,"0,3",,,,
4,Dreamer,Epic Games,459,693,603,1300,Vocals 5,"0,5",Bass 5,"0,5",Lead 4,"0,4",Drums 7,5,,,,
4,Dynamite (BTS),BTS,715,499,537,868,Vocals 5,"0,5",Bass 4,"0,4",Lead 4,"0,4",Drums 2,"0,2",,,,
4,Enter Sandman,Metallica,328,1098,1337,1829,Vocals 3,"0,3",Bass 4,"0,4",Lead 6,5,Drums 5,"0,5",,,,
4,Everybody Falls (Chill Mix),Epic Games,653,355,916,1130,Vocals 3,"0,3",Bass 3,"0,3",Lead 4,"0,4",Drums 5,"0,5",,,,
4,Fade to Black,Metallica,172,1316,1833,2219,Vocals 2,"0,2",Bass 5,"0,5",Lead 6,4,Drums 6,5,,,,
4,For Whom The Bell Tolls,Metallica,190,826,1002,1162,Vocals 3,"0,3",Bass 4,"0,4",Lead 5,"0,5",Drums 3,"0,3",,,,
4,Gimmie The Light,Sean Paul,1017,332,550,1200,Vocals 6,2,Bass 2,"0,2",Lead 3,"0,3",Drums 2,"0,2",,,,
4,Hey Brother,Avicii,287,542,1177,867,Vocals 4,"0,4",Bass 2,"0,2",Lead 4,"0,4",Drums 3,"0,3",,,,
4,Holiday,Green Day,354,765,1107,1025,Vocals 3,"0,3",Bass 3,"0,3",Lead 4,"0,4",Drums 4,"0,4",,,,
4,Hollaback Girl,Gwen Stefani,573,97,274,490,Vocals 2,"0,2",Bass 1,"0,1",Lead 1,"0,1",Drums 4,"0,4",,,,
4,HUMBLE.,Kendrick Lamar,506,280,459,937,Vocals 4,"0,4",Bass 1,"0,1",Lead 1,"0,1",Drums 3,"0,3",,,,
4,Inferno Island (Molten Mix),Epic Games,130,360,359,987,Vocals 1,"0,1",Bass 4,"0,4",Lead 4,"0,4",Drums 5,"0,5",,,,
4,Let You Down,NF,714,80,214,580,Vocals 6,2,Bass 1,"0,1",Lead 1,"0,1",Drums 4,"0,4",,,,
4,Lux Æterna,Metallica,193,1089,1378,1303,Vocals 3,"0,3",Bass 5,"0,5",Lead 6,6,Drums 6,3,,,,
4,Never Back Down,NickEh30,521,154,499,1227,Vocals 5,"0,5",Bass 1,"0,1",Lead 3,"0,3",Drums 5,"0,5",,,,
4,Nothing Else Matters,Metallica,327,337,1224,890,Vocals 3,"0,3",Bass 3,"0,3",Lead 5,"0,5",Drums 4,"0,4",,,,
4,One,Metallica,273,1786,2381,2133,Vocals 3,"0,3",Bass 7,8,Lead 7,10,Drums 6,5,,,,
4,Panda,Desiigner,980,175,926,694,Vocals 6,3,Bass 1,"0,1",Lead 1,"0,1",Drums 4,"0,4",,,,
4,Paradise City,Guns N' Roses,716,1439,1999,2062,Vocals 5,"0,5",Bass 6,5,Lead 7,10,Drums 5,"0,5",,,,
4,Ride the Lightning,Metallica,283,2083,2633,2472,Vocals 3,"0,3",Bass 7,9,Lead 7,9,Drums 7,7,,,,
4,S.O.M.P.,Epic Games,251,840,1289,1339,Vocals 3,"0,3",Bass 4,"0,4",Lead 7,7,Drums 5,"0,5",,,,
4,Sad But True,Metallica,338,907,1531,1434,Vocals 3,"0,3",Bass 4,"0,4",Lead 6,3,Drums 5,"0,5",,,,
4,Seek & Destroy,Metallica,302,1743,2124,1874,Vocals 3,"0,3",Bass 6,6,Lead 7,8,Drums 5,"0,5",,,,
4,Sexy And I Know It,LMFAO,483,883,270,684,Vocals 5,"0,5",Bass 3,"0,3",Lead 3,"0,3",Drums 2,"0,2",,,,
4,Sky Surfer (Neon Rush Remix),Epic Games,902,2055,732,2081,Vocals 4,"0,4",Bass 6,5,Lead 5,"0,5",Drums 6,4,,,,
4,Sweet Child O' Mine,Guns N' Roses,390,1040,1140,2078,Vocals 3,"0,3",Bass 4,"0,4",Lead 6,4,Drums 4,"0,4",,,,
4,The Boys Are Back In Town,Thin Lizzy,440,1300,1084,1160,Vocals 4,"0,4",Bass 5,"0,5",Lead 5,"0,5",Drums 4,"0,4",,,,
4,The Final Countdown,Europe,269,2797,1245,1244,Vocals 2,"0,2",Bass 5,"0,5",Lead 6,5,Drums 4,"0,4",,,,
4,The Night Porter,Epic Games,791,539,525,792,Vocals 5,"0,5",Bass 4,"0,4",Lead 5,"0,5",Drums 3,"0,3",,,,
4,The Unforgiven,Metallica,482,616,1060,1153,Vocals 3,"0,3",Bass 3,"0,3",Lead 5,"0,5",Drums 3,"0,3",,,,
4,Tití Me Preguntó,Bad Bunny,888,217,338,815,Vocals 6,7,Bass 2,"0,2",Lead 3,"0,3",Drums 4,"0,4",,,,
4,Too Sweet,Hozier,501,524,531,1966,Vocals 4,"0,4",Bass 2,"0,2",Lead 2,"0,2",Drums 5,"0,5",,,,
4,Unsainted,Slipknot,516,1322,1755,1780,Vocals 5,"0,5",Bass 5,"0,5",Lead 5,"0,5",Drums 7,9,,,,
4,Uptown Funk,Mark Ronson ft. Bruno Mars,780,541,795,1393,Vocals 5,"0,5",Bass 5,"0,5",Lead 3,"0,3",Drums 4,"0,4",,,,
4,Walk Em Down,NLE Choppa ft. Roddy Ricch,585,243,670,672,Vocals 5,"0,5",Bass 2,"0,2",Lead 4,"0,4",Drums 4,"0,4",,,,
4,We Like To Party! (The Vengabus),Vengaboys,531,366,755,1127,Vocals 4,"0,4",Bass 1,"0,1",Lead 2,"0,2",Drums 4,"0,4",,,,
4,Welcome To The Jungle,Guns N' Roses,454,1080,1126,1547,Vocals 4,"0,4",Bass 5,"0,5",Lead 6,5,Drums 5,"0,5",,,,
4,Wherever I May Roam,Metallica,440,1144,1181,2042,Vocals 3,"0,3",Bass 3,"0,3",Lead 6,6,Drums 4,"0,4",,,,
4,Would?,Alice In Chains,287,1137,873,1205,Vocals 4,"0,4",Bass 4,"0,4",Lead 4,"0,4",Drums 5,"0,5",,,,
5,American Idiot,Green Day,312,604,1253,884,Vocals 4,"0,4",Bass 3,"0,3",Lead 4,"0,4",Drums 5,"0,5",,,,
5,Apple,Charli xcx,361,574,386,803,Vocals 3,"0,3",Bass 4,"0,4",Lead 5,"0,5",Drums 3,"0,3",,,,
5,Better Off Alone,Alice Deejay,143,974,566,1170,Vocals 1,"0,1",Bass 2,"0,2",Lead 3,"0,3",Drums 4,"0,4",,,,
5,Beyond the Flame,Epic Games,330,1351,1861,1608,Vocals 3,"0,3",Bass 5,"0,5",Lead 7,10,Drums 7,8,,,,
5,Big Poppa,The Notorious B.I.G.,852,308,526,920,Vocals 5,"0,5",Bass 1,"0,1",Lead 2,"0,2",Drums 3,"0,3",,,,
5,Boulevard of Broken Dreams,Green Day,445,502,1396,1115,Vocals 3,"0,3",Bass 2,"0,2",Lead 3,"0,3",Drums 2,"0,2",,,,
5,Broccoli,DRAM ft. Lil Yachty,721,156,1003,823,Vocals 5,"0,5",Bass 2,"0,2",Lead 3,"0,3",Drums 2,"0,2",,,,
5,bury a friend,Billie Eilish,485,276,298,722,Vocals 4,"0,4",Bass 3,"0,3",Lead 3,"0,3",Drums 4,"0,4",,,,
5,CAIRO,"Karol G, Ovy On The Drums",593,307,190,690,Vocals 5,"0,5",Bass 2,"0,2",Lead 1,"0,1",Drums 4,"0,4",,,,
5,Don't Let Me Down,The Chainsmokers ft. Daya,424,118,524,650,Vocals 2,"0,2",Bass 1,"0,1",Lead 3,"0,3",Drums 4,"0,4",,,,
5,Dynamite (Taio),Taio Cruz,472,505,879,641,Vocals 3,"0,3",Bass 3,"0,3",Lead 6,9,Drums 3,"0,3",,,,
5,Espresso,Sabrina Carpenter,523,410,380,930,Vocals 4,"0,4",Bass 3,"0,3",Lead 2,"0,2",Drums 2,"0,2",,,,
5,Feather,Sabrina Carpenter,522,405,314,990,Vocals 4,"0,4",Bass 2,"0,2",Lead 3,"0,3",Drums 2,"0,2",,,,
5,Fell On Black Days,Soundgarden,417,666,1127,2847,Vocals 3,"0,3",Bass 3,"0,3",Lead 6,3,Drums 5,"0,5",,,,
5,Fighter,Christina Aguilera,818,549,778,766,Vocals 5,"0,5",Bass 3,"0,3",Lead 5,"0,5",Drums 3,"0,3",,,,
5,Fly,Quavo and Lenny Kravitz,380,191,1217,969,Vocals 4,"0,4",Bass 2,"0,2",Lead 3,"0,3",Drums 3,"0,3",,,,
5,For Latveria,Epic Games,150,397,907,336,Vocals 2,"0,2",Bass 3,"0,3",Lead 7,4,Drums 3,"0,3",,,,
5,Gwenpool's Multiverse,Epic Games,545,400,590,800,Vocals 5,"0,5",Bass 3,"0,3",Lead 4,"0,4",Drums 4,"0,4",,,,
5,Happy (Pharrell),Pharrell Williams,684,574,680,1034,Vocals 4,"0,4",Bass 3,"0,3",Lead 3,"0,3",Drums 2,"0,2",,,,
5,HOT TO GO!,Chappell Roan,476,815,537,1192,Vocals 4,"0,4",Bass 4,"0,4",Lead 4,"0,4",Drums 4,"0,4",,,,
5,I'm a Winner,Epic Games,722,222,670,973,Vocals 6,1,Bass 2,"0,2",Lead 5,"0,5",Drums 5,"0,5",,,,
5,I'm Not Okay (I Promise),My Chemical Romance,322,896,1428,1409,Vocals 3,"0,3",Bass 4,"0,4",Lead 4,"0,4",Drums 5,"0,5",,,,
5,In The End,Linkin Park,493,649,298,871,Vocals 5,"0,5",Bass 3,"0,3",Lead 2,"0,2",Drums 5,"0,5",,,,
5,Inferno Island,Epic Games,364,728,736,1226,Vocals 2,"0,2",Bass 5,"0,5",Lead 5,"0,5",Drums 6,3,,,,
5,Juicy,The Notorious B.I.G.,902,551,796,779,Vocals 6,2,Bass 3,"0,3",Lead 5,"0,5",Drums 2,"0,2",,,,
5,Keep Poppin,Epic Games,167,373,758,736,Vocals 2,"0,2",Bass 4,"0,4",Lead 6,1,Drums 4,"0,4",,,,
5,MONTERO (Call Me By Your Name),Lil Nas X,441,97,336,427,Vocals 5,"0,5",Bass 1,"0,1",Lead 3,"0,3",Drums 3,"0,3",,,,
5,My Oh My,Ava Max,537,236,470,715,Vocals 4,"0,4",Bass 3,"0,3",Lead 5,"0,5",Drums 4,"0,4",,,,
5,Nightmare,Avenged Sevenfold,570,1138,1721,2229,Vocals 3,"0,3",Bass 7,6,Lead 6,5,Drums 6,9,,,,
5,Nightmare's Choice,Epic Games,652,312,793,636,Vocals 4,"0,4",Bass 3,"0,3",Lead 4,"0,4",Drums 4,"0,4",,,,
5,Notorious Thugs,The Notorious B.I.G.,1523,451,1230,2202,Vocals 7,5,Bass 1,"0,1",Lead 4,"0,4",Drums 5,"0,5",,,,
5,Ocean Breeze Beats,Epic Games,462,934,422,1187,Vocals 3,"0,3",Bass 5,"0,5",Lead 3,"0,3",Drums 5,"0,5",,,,
5,OKI DOKI,Karol G,428,118,398,390,Vocals 5,"0,5",Bass 2,"0,2",Lead 3,"0,3",Drums 3,"0,3",,,,
5,Orbital Overload,Epic Games,433,188,687,963,Vocals 3,"0,3",Bass 2,"0,2",Lead 6,5,Drums 5,"0,5",,,,
5,Paradise Pulse,Epic Games,834,437,471,1400,Vocals 1,"0,1",Bass 3,"0,3",Lead 3,"0,3",Drums 4,"0,4",,,,
5,PROVENZA (REMIX),Karol G ft. Tiësto,398,278,353,840,Vocals 4,"0,4",Bass 3,"0,3",Lead 2,"0,2",Drums 4,"0,4",,,,
5,Pump Up The Jam,Technotronic,479,460,290,1747,Vocals 5,"0,5",Bass 2,"0,2",Lead 2,"0,2",Drums 6,2,,,,
5,QLONA,Karol G ft. Peso Pluma,572,151,408,294,Vocals 5,"0,5",Bass 1,"0,1",Lead 3,"0,3",Drums 1,"0,1",,,,
5,Replay,Iyaz,675,78,930,797,Vocals 5,"0,5",Bass 1,"0,1",Lead 4,"0,4",Drums 5,"0,5",,,,
5,Say It Ain't So,Weezer,301,708,1516,991,Vocals 3,"0,3",Bass 2,"0,2",Lead 4,"0,4",Drums 4,"0,4",,,,
5,Say It Proud,Epic Games,361,668,1058,904,Vocals 3,"0,3",Bass 4,"0,4",Lead 3,"0,3",Drums 5,"0,5",,,,
5,September,"Earth, Wind & Fire",448,673,1161,1338,Vocals 4,"0,4",Bass 4,"0,4",Lead 5,"0,5",Drums 3,"0,3",,,,
5,SexyBack,Justin Timberlake ft. Timbaland,743,263,785,1209,Vocals 4,"0,4",Bass 1,"0,1",Lead 3,"0,3",Drums 4,"0,4",,,,
5,Somebody Told Me,The Killers,436,644,1496,1338,Vocals 3,"0,3",Bass 4,"0,4",Lead 4,"0,4",Drums 5,"0,5",,,,
5,Stargazing,Myles Smith,324,251,848,567,Vocals 4,"0,4",Bass 1,"0,1",Lead 4,"0,4",Drums 2,"0,2",,,,
5,Stick Season,Noah Kahan,536,247,923,169,Vocals 5,"0,5",Bass 5,"0,5",Lead 4,"0,4",Drums 1,"0,1",,,,
5,Take Over Control,Afrojack ft. Eva Simmons,453,456,1285,770,Vocals 3,"0,3",Bass 3,"0,3",Lead 3,"0,3",Drums 4,"0,4",,,,
5,The Business,Tiësto,352,355,339,365,Vocals 3,"0,3",Bass 3,"0,3",Lead 3,"0,3",Drums 4,"0,4",,,,
5,The Claw,Epic Games,500,423,719,707,Vocals 4,"0,4",Bass 4,"0,4",Lead 5,"0,5",Drums 4,"0,4",,,,
5,The Nights,Avicii,404,164,700,506,Vocals 3,"0,3",Bass 2,"0,2",Lead 4,"0,4",Drums 3,"0,3",,,,
5,The Sound of Silence,Disturbed,295,160,599,73,Vocals 3,"0,3",Bass 2,"0,2",Lead 4,"0,4",Drums 1,"0,1",,,,
5,The Spins,"Mac Miller, Empire of the Sun",495,826,780,846,Vocals 5,"0,5",Bass 2,"0,2",Lead 2,"0,2",Drums 2,"0,2",,,,
5,Toxic,Britney Spears,362,406,948,625,Vocals 4,"0,4",Bass 4,"0,4",Lead 4,"0,4",Drums 2,"0,2",,,,
5,Tusa,Karol G ft. Nicki Minaj,577,300,382,433,Vocals 6,1,Bass 2,"0,2",Lead 1,"0,1",Drums 1,"0,1",,,,
5,Undone - The Sweater Song,Weezer,409,753,1152,1226,Vocals 4,"0,4",Bass 2,"0,2",Lead 4,"0,4",Drums 3,"0,3",,,,
5,Unholy,Sam Smith w/ Kim Petras,474,267,195,343,Vocals 3,"0,3",Bass 2,"0,2",Lead 4,"0,4",Drums 2,"0,2",,,,
5,Way Too Fast,Epic Games,302,301,717,1129,Vocals 3,"0,3",Bass 2,"0,2",Lead 4,"0,4",Drums 5,"0,5",,,,
5,What Do You Mean?,Justin Bieber,526,236,404,684,Vocals 5,"0,5",Bass 3,"0,3",Lead 4,"0,4",Drums 2,"0,2",,,,
5,"Whenever, Wherever",Shakira,475,517,989,1127,Vocals 5,"0,5",Bass 3,"0,3",Lead 4,"0,4",Drums 4,"0,4",,,,
6,Africa,Toto,407,650,1011,1938,Vocals 4,"0,4",Bass 3,"0,3",Lead 5,"0,5",Drums 3,"0,3",,,,
6,All Eyez On Me,2Pac ft. Big Syke,1123,458,887,1595,Vocals 6,2,Bass 2,"0,2",Lead 2,"0,2",Drums 3,"0,3",,,,
6,All I Do Is Win,"DJ Khaled ft. T-Pain, Ludacris, Snoop Dogg & Rick Ross",816,327,918,827,Vocals 6,1,Bass 2,"0,2",Lead 2,"0,2",Drums 3,"0,3",,,,
6,All I Want For Christmas Is You,Mariah Carey,676,526,1239,964,Vocals 6,2,Bass 4,"0,4",Lead 5,"0,5",Drums 4,"0,4",,,,
6,Armed And Dangerous,Juice WRLD,459,90,350,768,Vocals 5,"0,5",Bass 1,"0,1",Lead 2,"0,2",Drums 4,"0,4",,,,
6,Ballin',Mustard ft. Roddy Ricch,696,98,359,604,Vocals 6,3,Bass 1,"0,1",Lead 3,"0,3",Drums 4,"0,4",,,,
6,Bang Bang,"Jessie J, Nicki Minaj, Ariana Grande",728,185,238,853,Vocals 6,1,Bass 2,"0,2",Lead 2,"0,2",Drums 5,"0,5",,,,
6,Barbarian,Juice WRLD,688,144,476,843,Vocals 6,2,Bass 1,"0,1",Lead 4,"0,4",Drums 5,"0,5",,,,
6,Beautiful,Snoop Dogg ft. Pharrell & Uncle Charlie Wilson,828,615,1312,1506,Vocals 5,"0,5",Bass 2,"0,2",Lead 2,"0,2",Drums 3,"0,3",,,,
6,Beautiful Things,Benson Boone,328,288,516,443,Vocals 4,"0,4",Bass 3,"0,3",Lead 3,"0,3",Drums 3,"0,3",,,,
6,BIRDS OF A FEATHER,Billie Eilish,345,595,474,1859,Vocals 4,"0,4",Bass 3,"0,3",Lead 3,"0,3",Drums 4,"0,4",,,,
6,Bones,Imagine Dragons,463,226,253,353,Vocals 5,"0,5",Bass 3,"0,3",Lead 3,"0,3",Drums 3,"0,3",,,,
6,Bounce Back,Big Sean,807,227,459,1085,Vocals 6,2,Bass 2,"0,2",Lead 3,"0,3",Drums 5,"0,5",,,,
6,Break The Curse,Epic Games,519,797,647,1159,Vocals 6,1,Bass 5,"0,5",Lead 6,9,Drums 6,3,,,,
6,Bunny Bounce (Murda Beatz Remix),Epic Games ft. Murda Beatz,460,367,395,449,Vocals 4,"0,4",Bass 2,"0,2",Lead 3,"0,3",Drums 4,"0,4",,,,
6,Californication,Red Hot Chili Peppers,487,912,1365,1708,Vocals 3,"0,3",Bass 3,"0,3",Lead 3,"0,3",Drums 4,"0,4",,,,
6,Cat's Prowl,Epic Games,554,303,492,1290,Vocals 4,"0,4",Bass 2,"0,2",Lead 3,"0,3",Drums 6,5,,,,
6,Centuries,Fall Out Boy,535,474,720,595,Vocals 4,"0,4",Bass 3,"0,3",Lead 3,"0,3",Drums 2,"0,2",,,,
6,Crank That (Soulja Boy),Soulja Boy Tell 'Em,858,109,379,637,Vocals 5,"0,5",Bass 1,"0,1",Lead 1,"0,1",Drums 3,"0,3",,,,
6,Dancing in the Flames,The Weeknd,350,679,877,1362,Vocals 4,"0,4",Bass 4,"0,4",Lead 6,3,Drums 5,"0,5",,,,
6,Demons,Imagine Dragons,348,292,476,319,Vocals 2,"0,2",Bass 2,"0,2",Lead 2,"0,2",Drums 3,"0,3",,,,
6,Disease,Lady Gaga,519,498,1120,1037,Vocals 3,"0,3",Bass 3,"0,3",Lead 4,"0,4",Drums 3,"0,3",,,,
6,Drop It Like It's Hot,Snoop Dogg ft. Pharrell,867,411,241,737,Vocals 5,"0,5",Bass 1,"0,1",Lead 2,"0,2",Drums 1,"0,1",,,,
6,Empty Out Your Pockets,Juice WRLD,447,144,416,800,Vocals 5,"0,5",Bass 1,"0,1",Lead 3,"0,3",Drums 4,"0,4",,,,
6,Everybody (Backstreet's Back),Backstreet Boys,477,391,385,1063,Vocals 4,"0,4",Bass 3,"0,3",Lead 3,"0,3",Drums 4,"0,4",,,,
6,Fat Lip,Sum 41,492,542,924,800,Vocals 5,"0,5",Bass 4,"0,4",Lead 5,"0,5",Drums 4,"0,4",,,,
6,Fireball,Pitbull ft. John Ryan,760,709,1357,1013,Vocals 6,1,Bass 4,"0,4",Lead 4,"0,4",Drums 3,"0,3",,,,
6,For The Night,Pop Smoke w/ Lil Baby & DaBaby,654,174,478,550,Vocals 5,"0,5",Bass 2,"0,2",Lead 3,"0,3",Drums 3,"0,3",,,,
6,FTCU,Nicki Minaj,430,256,128,700,Vocals 4,"0,4",Bass 2,"0,2",Lead 1,"0,1",Drums 4,"0,4",,,,
6,Get Busy,Sean Paul,857,379,802,1548,Vocals 4,"0,4",Bass 1,"0,1",Lead 4,"0,4",Drums 3,"0,3",,,,
6,Ghost,Justin Bieber,289,442,625,405,Vocals 3,"0,3",Bass 3,"0,3",Lead 4,"0,4",Drums 2,"0,2",,,,
6,Give It Away,Red Hot Chili Peppers,898,943,1219,1564,Vocals 4,"0,4",Bass 4,"0,4",Lead 4,"0,4",Drums 5,"0,5",,,,
6,Hey Ya!,Outkast,601,683,1113,759,Vocals 4,"0,4",Bass 3,"0,3",Lead 3,"0,3",Drums 1,"0,1",,,,
6,Hips Don't Lie,Shakira ft. Wyclef Jean,763,388,636,971,Vocals 5,"0,5",Bass 2,"0,2",Lead 5,"0,5",Drums 4,"0,4",,,,
6,In Ha Mood,Ice Spice,441,143,88,503,Vocals 5,"0,5",Bass 1,"0,1",Lead 2,"0,2",Drums 4,"0,4",,,,
6,Industry Baby,Lil Nas X ft. Jack Harlow,704,204,430,1048,Vocals 5,"0,5",Bass 1,"0,1",Lead 1,"0,1",Drums 4,"0,4",,,,
6,Kryptonite,3 Doors Down,389,404,965,1088,Vocals 3,"0,3",Bass 2,"0,2",Lead 3,"0,3",Drums 4,"0,4",,,,
6,Larry's Place,Epic Games,102,173,446,807,Vocals 3,"0,3",Bass 3,"0,3",Lead 6,9,Drums 6,5,,,,
6,Lean Back,Terror Squad ft. Remy & Fat Joe,818,248,1139,1105,Vocals 6,1,Bass 1,"0,1",Lead 4,"0,4",Drums 2,"0,2",,,,
6,Lean Wit Me,Juice WRLD,451,206,477,612,Vocals 4,"0,4",Bass 2,"0,2",Lead 2,"0,2",Drums 3,"0,3",,,,
6,Limitless (Murda Beatz Remix),Epic Games ft. Murda Beatz,521,161,538,1220,Vocals 3,"0,3",Bass 1,"0,1",Lead 3,"0,3",Drums 5,"0,5",,,,
6,Lonely Boy,The Black Keys,248,276,1334,1557,Vocals 2,"0,2",Bass 1,"0,1",Lead 3,"0,3",Drums 4,"0,4",,,,
6,Magenta Ride,Epic Games,545,297,599,700,Vocals 4,"0,4",Bass 4,"0,4",Lead 5,"0,5",Drums 4,"0,4",,,,
6,Mambo No. 5 (A Little Bit of...),Lou Bega,532,394,702,1573,Vocals 5,"0,5",Bass 1,"0,1",Lead 4,"0,4",Drums 4,"0,4",,,,
6,MILLION DOLLAR BABY,Tommy Richman,352,259,274,707,Vocals 5,"0,5",Bass 4,"0,4",Lead 2,"0,2",Drums 3,"0,3",,,,
6,My House,Flo Rida,505,120,334,962,Vocals 5,"0,5",Bass 1,"0,1",Lead 2,"0,2",Drums 2,"0,2",,,,
6,NIGHT DANCER,imase,544,354,639,957,Vocals 3,"0,3",Bass 3,"0,3",Lead 3,"0,3",Drums 5,"0,5",,,,
6,Night Rose's Song,Epic Games,512,484,1132,1151,Vocals 4,"0,4",Bass 4,"0,4",Lead 3,"0,3",Drums 6,7,,,,
6,Oh Shhh...,Ice Spice ft. Travis Scott,537,215,477,975,Vocals 5,"0,5",Bass 2,"0,2",Lead 2,"0,2",Drums 5,"0,5",,,,
6,Radioactive,Imagine Dragons,373,480,498,283,Vocals 2,"0,2",Bass 5,"0,5",Lead 3,"0,3",Drums 2,"0,2",,,,
6,Regulate,Warren G ft. Nate Dogg,708,487,532,1907,Vocals 5,"0,5",Bass 2,"0,2",Lead 3,"0,3",Drums 3,"0,3",,,,
6,Right Round,"Flo Rida, Kesha",707,146,591,697,Vocals 5,"0,5",Bass 1,"0,1",Lead 5,"0,5",Drums 3,"0,3",,,,
6,Robbery,Juice WRLD,479,126,920,1262,Vocals 4,"0,4",Bass 1,"0,1",Lead 2,"0,2",Drums 3,"0,3",,,,
6,Run It Up,Epic Games,580,330,520,1019,Vocals 4,"0,4",Bass 3,"0,3",Lead 4,"0,4",Drums 5,"0,5",,,,
6,Sizzlin' Sunshine,Epic Games,427,815,910,1748,Vocals 4,"0,4",Bass 3,"0,3",Lead 4,"0,4",Drums 5,"0,5",,,,
6,Snow (Hey Oh),Red Hot Chili Peppers,816,1703,2604,1558,Vocals 4,"0,4",Bass 4,"0,4",Lead 6,6,Drums 3,"0,3",,,,
6,Spies! (Marshmello Remix),Epic Games ft. Marshmello,103,147,342,850,Vocals 3,"0,3",Bass 3,"0,3",Lead 4,"0,4",Drums 5,"0,5",,,,
6,Spies! (Murda Beatz Remix),Epic Games ft. Murda Beatz,616,243,305,1030,Vocals 6,2,Bass 1,"0,1",Lead 5,"0,5",Drums 4,"0,4",,,,
6,"Sugar, We're Goin Down",Fall Out Boy,498,755,1421,1116,Vocals 4,"0,4",Bass 3,"0,3",Lead 4,"0,4",Drums 5,"0,5",,,,
6,Super Bass,Nicki Minaj,815,118,571,797,Vocals 6,1,Bass 1,"0,1",Lead 3,"0,3",Drums 4,"0,4",,,,
6,Take On Me,a-ha,246,1248,907,2491,Vocals 3,"0,3",Bass 3,"0,3",Lead 4,"0,4",Drums 5,"0,5",,,,
6,The Brave,YOASOBI,799,651,890,916,Vocals 6,1,Bass 6,3,Lead 7,4,Drums 6,5,,,,
6,The Diary Of Jane,Breaking Benjamin,288,657,857,948,Vocals 3,"0,3",Bass 5,"0,5",Lead 4,"0,4",Drums 6,2,,,,
6,"This Ain't A Scene, It's An Arms Race",Fall Out Boy,490,839,1589,939,Vocals 3,"0,3",Bass 3,"0,3",Lead 4,"0,4",Drums 5,"0,5",,,,
6,Tropical Heat,Epic Games,424,804,1038,2203,Vocals 2,"0,2",Bass 4,"0,4",Lead 5,"0,5",Drums 6,6,,,,
6,Tubthumping,Chumbawamba,672,780,737,1653,Vocals 4,"0,4",Bass 2,"0,2",Lead 3,"0,3",Drums 5,"0,5",,,,
6,Turn Up,Epic Games,200,316,697,978,Vocals 3,"0,3",Bass 3,"0,3",Lead 4,"0,4",Drums 3,"0,3",,,,
6,Walk This Way,Run DMC ft. Aerosmith,483,297,1382,1872,Vocals 5,"0,5",Bass 2,"0,2",Lead 5,"0,5",Drums 3,"0,3",,,,
6,Whine Up,Kat DeLuna ft. Elephant Man,830,240,651,1223,Vocals 5,"0,5",Bass 2,"0,2",Lead 3,"0,3",Drums 4,"0,4",,,,
6,Wild Ones (Flo Rida),Flo Rida ft. Sia,697,761,1103,1007,Vocals 5,"0,5",Bass 3,"0,3",Lead 3,"0,3",Drums 4,"0,4",,,,
6,Wishing Well,Juice WRLD,509,221,1091,981,Vocals 4,"0,4",Bass 2,"0,2",Lead 4,"0,4",Drums 4,"0,4",,,,
6,"Young, Wild & Free",Snoop Dogg & Wiz Khalifa ft. Bruno Mars,606,373,714,1117,Vocals 6,1,Bass 2,"0,2",Lead 2,"0,2",Drums 3,"0,3",,,,
7,Adam's Song,blink-182,328,1213,1579,1330,Vocals 2,"0,2",Bass 4,"0,4",Lead 3,"0,3",Drums 5,"0,5",,,,
7,Ain't It Fun,Paramore,618,1016,1266,1274,Vocals 4,"0,4",Bass 5,"0,5",Lead 4,"0,4",Drums 4,"0,4",,,,
7,Airplanes,B.o.B. ft. Hayley Williams,633,273,688,709,Vocals 5,"0,5",Bass 2,"0,2",Lead 3,"0,3",Drums 4,"0,4",,,,
7,Beauty and a Beat,Justin Bieber ft. Nicki Minaj,517,838,749,909,Vocals 5,"0,5",Bass 4,"0,4",Lead 3,"0,3",Drums 4,"0,4",,,,
7,Bling-Bang-Bang-Born,Creepy Nuts,878,419,719,829,Vocals 7,4,Bass 3,"0,3",Lead 4,"0,4",Drums 3,"0,3",,,,
7,Built Together,Epic Games,270,420,724,990,Vocals 3,"0,3",Bass 4,"0,4",Lead 6,2,Drums 3,"0,3",,,,
7,Cherry Cordial,Epic Games,701,531,664,924,Vocals 4,"0,4",Bass 4,"0,4",Lead 4,"0,4",Drums 3,"0,3",,,,
7,Closer (Ne-Yo),Ne-Yo,544,351,749,1446,Vocals 4,"0,4",Bass 3,"0,3",Lead 4,"0,4",Drums 5,"0,5",,,,
7,Crimson Barony,Epic Games,235,157,303,945,Vocals 3,"0,3",Bass 2,"0,2",Lead 5,"0,5",Drums 7,9,,,,
7,Daisy 2.0,Ashnikko ft. Hatsune Miku,528,134,386,939,Vocals 4,"0,4",Bass 3,"0,3",Lead 3,"0,3",Drums 4,"0,4",,,,
7,Decade,Dixie Flatline ft. Hatsune Miku,615,618,1556,774,Vocals 5,"0,5",Bass 3,"0,3",Lead 4,"0,4",Drums 3,"0,3",,,,
7,Dexting,Epic Games,420,228,347,628,Vocals 4,"0,4",Bass 3,"0,3",Lead 3,"0,3",Drums 6,6,,,,
7,Don't Cross Me,Epic Games,587,125,984,1007,Vocals 4,"0,4",Bass 2,"0,2",Lead 4,"0,4",Drums 5,"0,5",,,,
7,Faint,Linkin Park,453,380,841,854,Vocals 5,"0,5",Bass 2,"0,2",Lead 4,"0,4",Drums 4,"0,4",,,,
7,Fell In Love With A Girl,The White Stripes,375,356,829,581,Vocals 4,"0,4",Bass 2,"0,2",Lead 3,"0,3",Drums 2,"0,2",,,,
7,First Person,Epic Games,321,257,417,794,Vocals 4,"0,4",Bass 3,"0,3",Lead 4,"0,4",Drums 4,"0,4",,,,
7,Gasolina,Daddy Yankee,731,363,822,944,Vocals 6,2,Bass 2,"0,2",Lead 5,"0,5",Drums 4,"0,4",,,,
7,Godzilla,Blue Öyster Cult,506,472,722,1180,Vocals 4,"0,4",Bass 3,"0,3",Lead 5,"0,5",Drums 4,"0,4",,,,
7,I Want It That Way,Backstreet Boys,449,314,829,806,Vocals 3,"0,3",Bass 1,"0,1",Lead 2,"0,2",Drums 2,"0,2",,,,
7,I Write Sins Not Tragedies,Panic! At The Disco,399,584,1152,736,Vocals 4,"0,4",Bass 4,"0,4",Lead 4,"0,4",Drums 4,"0,4",,,,
7,IDOL,YOASOBI,856,632,927,1563,Vocals 6,1,Bass 5,"0,5",Lead 6,3,Drums 7,9,,,,
7,Insane in the Brain,Cypress Hill,598,382,179,1157,Vocals 5,"0,5",Bass 1,"0,1",Lead 3,"0,3",Drums 2,"0,2",,,,
7,Last Resort (2020),Papa Roach,452,996,1451,976,Vocals 4,"0,4",Bass 3,"0,3",Lead 5,"0,5",Drums 5,"0,5",,,,
7,Lose Control,Teddy Swims,485,253,618,717,Vocals 5,"0,5",Bass 3,"0,3",Lead 3,"0,3",Drums 4,"0,4",,,,
7,Love Don't Cost A Thing,Jennifer Lopez,701,319,756,1344,Vocals 5,"0,5",Bass 3,"0,3",Lead 4,"0,4",Drums 5,"0,5",,,,
7,M@GICAL☆CURE! LOVE SHOT!,SAWTOWNE ft. Hatsune Miku,682,914,1206,1080,Vocals 6,2,Bass 5,"0,5",Lead 7,8,Drums 6,6,,,,
7,Melt,ryo (supercell) ft. Hatsune Miku,623,1123,930,1495,Vocals 4,"0,4",Bass 5,"0,5",Lead 6,3,Drums 6,8,,,,
7,MIA,Bad Bunny & Drake,666,465,876,984,Vocals 5,"0,5",Bass 2,"0,2",Lead 2,"0,2",Drums 4,"0,4",,,,
7,Miku,"Anamanaguchi, Hatsune Miku",469,413,434,758,Vocals 4,"0,4",Bass 4,"0,4",Lead 4,"0,4",Drums 4,"0,4",,,,
7,Never Gonna Give You Up,Rick Astley,642,882,431,1125,Vocals 4,"0,4",Bass 4,"0,4",Lead 3,"0,3",Drums 4,"0,4",,,,
7,No Scrubs,TLC,849,309,666,1376,Vocals 6,1,Bass 2,"0,2",Lead 3,"0,3",Drums 4,"0,4",,,,
7,Not Without a Fight,Epic Games,445,235,357,695,Vocals 4,"0,4",Bass 2,"0,2",Lead 4,"0,4",Drums 4,"0,4",,,,
7,On The Floor,Jennifer Lopez ft. Pitbull,924,626,820,844,Vocals 5,"0,5",Bass 3,"0,3",Lead 3,"0,3",Drums 3,"0,3",,,,
7,Overcompensate,Twenty One Pilots,715,508,934,1023,Vocals 5,"0,5",Bass 4,"0,4",Lead 5,"0,5",Drums 6,3,,,,
7,Party Like A Rock Star,Shop Boyz,719,442,660,1584,Vocals 4,"0,4",Bass 3,"0,3",Lead 3,"0,3",Drums 4,"0,4",,,,
7,Pumped Up Kicks,Foster The People,539,470,488,1397,Vocals 3,"0,3",Bass 3,"0,3",Lead 3,"0,3",Drums 4,"0,4",,,,
7,Roar,Katy Perry,543,101,766,1039,Vocals 4,"0,4",Bass 1,"0,1",Lead 2,"0,2",Drums 4,"0,4",,,,
7,Runamok,Tasty Bois (ft. Backchat),504,220,162,541,Vocals 5,"0,5",Bass 2,"0,2",Lead 1,"0,1",Drums 5,"0,5",,,,
7,Short Skirt/Long Jacket,Cake,413,519,528,1288,Vocals 4,"0,4",Bass 4,"0,4",Lead 4,"0,4",Drums 3,"0,3",,,,
7,Somebody That I Used To Know,Gotye ft. Kimbra,466,462,593,1149,Vocals 4,"0,4",Bass 2,"0,2",Lead 3,"0,3",Drums 5,"0,5",,,,
7,Sour 'n Sweet,Epic Games,616,246,570,985,Vocals 5,"0,5",Bass 1,"0,1",Lead 3,"0,3",Drums 5,"0,5",,,,
7,Stacy's Mom,Fountains of Wayne,475,600,960,1245,Vocals 3,"0,3",Bass 2,"0,2",Lead 2,"0,2",Drums 3,"0,3",,,,
7,Still Into You,Paramore,460,720,1098,971,Vocals 4,"0,4",Bass 4,"0,4",Lead 4,"0,4",Drums 5,"0,5",,,,
7,Takaneno Hanakosan,back number,629,1001,1814,1660,Vocals 4,"0,4",Bass 5,"0,5",Lead 4,"0,4",Drums 5,"0,5",,,,
7,The Emptiness Machine,Linkin Park,379,444,808,712,Vocals 3,"0,3",Bass 2,"0,2",Lead 2,"0,2",Drums 3,"0,3",,,,
7,The Pretender,Foo Fighters,580,984,1706,1342,Vocals 4,"0,4",Bass 4,"0,4",Lead 4,"0,4",Drums 5,"0,5",,,,
7,The Way I Are,Timbaland ft. Keri Hilson & D.O.E.,455,222,640,916,Vocals 4,"0,4",Bass 1,"0,1",Lead 2,"0,2",Drums 2,"0,2",,,,
7,Through the Fire and Flames,DragonForce,548,2582,3600,3451,Vocals 3,"0,3",Bass 6,9,Lead 7,12,Drums 7,10,,,,
7,Up From The Bottom,Linkin Park,457,461,684,740,Vocals 4,"0,4",Bass 3,"0,3",Lead 4,"0,4",Drums 4,"0,4",,,,
7,Welcome Home,Coheed and Cambria,453,1358,1538,2061,Vocals 3,"0,3",Bass 5,"0,5",Lead 5,"0,5",Drums 5,"0,5",,,,
7,Who Let The Dogs Out,Baha Men,708,351,454,969,Vocals 6,2,Bass 3,"0,3",Lead 4,"0,4",Drums 5,"0,5",,,,
7,Work Work,Britney Spears,522,498,946,1137,Vocals 4,"0,4",Bass 4,"0,4",Lead 4,"0,4",Drums 4,"0,4",,,,
7,World Is Mine,ryo (supercell) ft. Hatsune Miku,651,915,979,1354,Vocals 5,"0,5",Bass 5,"0,5",Lead 5,"0,5",Drums 6,4,,,,
7,Yoru Ni Kakeru,YOASOBI,774,1011,1410,1424,Vocals 6,1,Bass 6,3,Lead 7,5,Drums 6,3,,,,
8,2055,Sleepy Hallow,394,41,261,203,Vocals 4,"0,4",Bass 1,"0,1",Lead 2,"0,2",Drums 1,"0,1",,,,
8,A Bar Song,Shaboozey,494,92,772,729,Vocals 4,"0,4",Bass 1,"0,1",Lead 3,"0,3",Drums 3,"0,3",,,,
8,afraid,2hollis ft. Nate Sib,451,389,728,816,Vocals 5,"0,5",Bass 2,"0,2",Lead 6,8,Drums 3,"0,3",,,,
8,Alien Boy,Oliver Tree,303,141,184,502,Vocals 3,"0,3",Bass 2,"0,2",Lead 3,"0,3",Drums 3,"0,3",,,,
8,All My People,Epic Games,315,514,677,1129,Vocals 2,"0,2",Bass 4,"0,4",Lead 4,"0,4",Drums 4,"0,4",,,,
8,Basic Being Basic,Djo,432,120,310,966,Vocals 4,"0,4",Bass 1,"0,1",Lead 2,"0,2",Drums 3,"0,3",,,,
8,Bed Chem,Sabrina Carpenter,482,136,438,817,Vocals 4,"0,4",Bass 2,"0,2",Lead 3,"0,3",Drums 3,"0,3",,,,
8,Blame Brett,The Beaches,442,875,1043,1112,Vocals 4,"0,4",Bass 3,"0,3",Lead 3,"0,3",Drums 4,"0,4",,,,
8,C.R.E.A.M. (Cash Rules Everything Around Me),Wu-Tang Clan,803,95,707,1258,Vocals 5,"0,5",Bass 1,"0,1",Lead 3,"0,3",Drums 4,"0,4",,,,
8,Chrome Dome (Fortnite Rearrangement),John Williams,421,463,810,422,Vocals 5,"0,5",Bass 4,"0,4",Lead 7,7,Drums 3,"0,3",,,,
8,Dark Horse,Katy Perry ft. Juicy J,606,345,570,586,Vocals 4,"0,4",Bass 1,"0,1",Lead 3,"0,3",Drums 3,"0,3",,,,
8,Dream On,Aerosmith,393,333,950,686,Vocals 4,"0,4",Bass 2,"0,2",Lead 5,"0,5",Drums 2,"0,2",,,,
8,Free Bird,Lynyrd Skynyrd,268,2292,2473,3284,Vocals 2,"0,2",Bass 7,7,Lead 7,9,Drums 6,7,,,,
8,"Good Luck, Babe!",Chappell Roan,463,649,940,1303,Vocals 4,"0,4",Bass 2,"0,2",Lead 4,"0,4",Drums 3,"0,3",,,,
8,Heavy,The Marías,302,612,483,1145,Vocals 3,"0,3",Bass 3,"0,3",Lead 3,"0,3",Drums 3,"0,3",,,,
8,Hot In Herre,Nelly,863,216,322,1156,Vocals 6,1,Bass 1,"0,1",Lead 1,"0,1",Drums 5,"0,5",,,,
8,if u think i'm pretty,Artemas,311,63,491,555,Vocals 3,"0,3",Bass 1,"0,1",Lead 3,"0,3",Drums 2,"0,2",,,,
8,Infinite Hype (DJ Skee Remix),Epic Games,412,227,284,883,Vocals 4,"0,4",Bass 2,"0,2",Lead 3,"0,3",Drums 6,5,,,,
8,Juno,Sabrina Carpenter,479,718,665,1036,Vocals 4,"0,4",Bass 3,"0,3",Lead 3,"0,3",Drums 3,"0,3",,,,
8,Lapti Nek (Jabba's Palace),John Williams & The London Symphony Orchestra,294,431,634,956,Vocals 4,"0,4",Bass 4,"0,4",Lead 4,"0,4",Drums 5,"0,5",,,,
8,Liar,Jelly Roll,483,30,844,873,Vocals 3,"0,3",Bass 1,"0,1",Lead 4,"0,4",Drums 3,"0,3",,,,
8,Livin' La Vida Loca,Ricky Martin,624,640,1184,1170,Vocals 5,"0,5",Bass 3,"0,3",Lead 5,"0,5",Drums 5,"0,5",,,,
8,Magnetic,ILLIT,472,439,638,732,Vocals 4,"0,4",Bass 4,"0,4",Lead 6,2,Drums 4,"0,4",,,,
8,Make the Crowd Roar,Epic Games,476,281,401,1205,Vocals 4,"0,4",Bass 5,"0,5",Lead 5,"0,5",Drums 5,"0,5",,,,
8,Make You Mine,Madison Beer,558,252,692,649,Vocals 3,"0,3",Bass 2,"0,2",Lead 4,"0,4",Drums 3,"0,3",,,,
8,Move Like the Mist,Epic Games,223,612,891,967,Vocals 3,"0,3",Bass 2,"0,2",Lead 3,"0,3",Drums 4,"0,4",,,,
8,No Doubt,ENHYPEN,416,166,450,772,Vocals 5,"0,5",Bass 1,"0,1",Lead 2,"0,2",Drums 4,"0,4",,,,
8,Nonsense,Sabrina Carpenter,533,324,591,569,Vocals 4,"0,4",Bass 3,"0,3",Lead 4,"0,4",Drums 4,"0,4",,,,
8,Please Please Please,Sabrina Carpenter,354,245,854,642,Vocals 4,"0,4",Bass 2,"0,2",Lead 5,"0,5",Drums 2,"0,2",,,,
8,redrum,21 Savage,714,211,306,703,Vocals 4,"0,4",Bass 1,"0,1",Lead 2,"0,2",Drums 3,"0,3",,,,
8,Seven,"Jung Kook, Latto",687,199,405,643,Vocals 5,"0,5",Bass 2,"0,2",Lead 2,"0,2",Drums 3,"0,3",,,,
8,Show Em (What We Can Do),Epic Games,671,402,518,584,Vocals 5,"0,5",Bass 4,"0,4",Lead 3,"0,3",Drums 4,"0,4",,,,
8,Smells Like Teen Spirit,Nirvana,385,950,1309,1683,Vocals 3,"0,3",Bass 3,"0,3",Lead 4,"0,4",Drums 5,"0,5",,,,
8,Someday,The Strokes,262,315,1325,820,Vocals 3,"0,3",Bass 2,"0,2",Lead 4,"0,4",Drums 3,"0,3",,,,
8,Star Wars Main Title Theme/March of the Resistance (Fortnite Rearrangement),John Williams & The London Symphony Orchestra,517,510,967,509,Vocals 5,"0,5",Bass 4,"0,4",Lead 6,9,Drums 3,"0,3",,,,
8,Stay Alta,Estelle ft. Channel Tres,673,346,605,1139,Vocals 4,"0,4",Bass 3,"0,3",Lead 2,"0,2",Drums 4,"0,4",,,,
8,Sunflower - Spider-Man: Into the Spider-Verse,Post Malone w/ Swae Lee,374,132,339,867,Vocals 4,"0,4",Bass 2,"0,2",Lead 3,"0,3",Drums 3,"0,3",,,,
8,Taste,Sabrina Carpenter,414,234,590,643,Vocals 4,"0,4",Bass 3,"0,3",Lead 4,"0,4",Drums 4,"0,4",,,,
8,The Future Me,Epic Games,555,706,1203,1398,Vocals 4,"0,4",Bass 4,"0,4",Lead 6,7,Drums 7,8,,,,
8,The Giver,Chappell Roan,432,630,903,871,Vocals 4,"0,4",Bass 4,"0,4",Lead 5,"0,5",Drums 4,"0,4",,,,
8,The Imperial March (Darth Vader's Theme),John Williams & The London Symphony Orchestra,524,734,1033,700,Vocals 5,"0,5",Bass 5,"0,5",Lead 5,"0,5",Drums 5,"0,5",,,,
8,The Last Cavallard,Epic Games,390,372,664,1193,Vocals 4,"0,4",Bass 3,"0,3",Lead 5,"0,5",Drums 3,"0,3",,,,
8,Touch the Sun,Epic Games,339,413,735,903,Vocals 3,"0,3",Bass 3,"0,3",Lead 6,2,Drums 4,"0,4",,,,
8,U Should Not Be Doing That,Amyl and The Sniffers,359,685,456,1246,Vocals 5,"0,5",Bass 4,"0,4",Lead 5,"0,5",Drums 4,"0,4",,,,
8,What Are You Waiting For,d4vd,476,503,612,1118,Vocals 5,"0,5",Bass 4,"0,4",Lead 4,"0,4",Drums 4,"0,4",,,,
8,When I Let the Music Play,Epic Games,335,348,471,775,Vocals 4,"0,4",Bass 3,"0,3",Lead 3,"0,3",Drums 4,"0,4",,,,
8,Where My Wookiees At?,Epic Games,561,533,1237,1354,Vocals 5,"0,5",Bass 4,"0,4",Lead 7,8,Drums 5,"0,5",,,,
8,Who,Jimin,433,173,842,597,Vocals 4,"0,4",Bass 2,"0,2",Lead 4,"0,4",Drums 3,"0,3",,,,
8,Wild Ones (Jessie),Jessie Murph ft. Jelly Roll,494,82,489,472,Vocals 4,"0,4",Bass 1,"0,1",Lead 3,"0,3",Drums 2,"0,2",,,,
8,You Oughta Know,Alanis Morissette,523,782,773,1122,Vocals 4,"0,4",Bass 5,"0,5",Lead 3,"0,3",Drums 4,"0,4",,,,
9,8ths,deadmau5,725,1825,558,998,Vocals 2,"0,2",Bass 3,"0,3",Lead 1,"0,1",Drums 4,"0,4",,,,
9,ABC,Jackson 5,544,464,484,957,Vocals 5,"0,5",Bass 3,"0,3",Lead 2,"0,2",Drums 4,"0,4",,,,
9,APT.,"ROSÉ, Bruno Mars",536,365,738,1106,Vocals 4,"0,4",Bass 4,"0,4",Lead 4,"0,4",Drums 4,"0,4",,,,
9,Best of You,Foo Fighters,450,793,1785,1104,Vocals 2,"0,2",Bass 3,"0,3",Lead 4,"0,4",Drums 5,"0,5",,,,
9,Bonde Do Brunão,Bruno Mars,183,85,109,454,Vocals 4,"0,4",Bass 1,"0,1",Lead 2,"0,2",Drums 5,"0,5",,,,
9,Break From Toronto,PARTYNEXTDOOR,229,73,242,473,Vocals 5,"0,5",Bass 1,"0,1",Lead 2,"0,2",Drums 4,"0,1",,,,
9,Bruno-San’s Theme Song,Bruno Mars,112,227,291,399,Vocals 3,"0,3",Bass 3,"0,3",Lead 5,"0,5",Drums 4,"0,4",,,,
9,Dance Therapy,Epic Games,408,738,517,771,Vocals 5,"0,5",Bass 2,"0,2",Lead 5,"0,5",Drums 6,2,,,,
9,Die With A Smile,"Lady Gaga, Bruno Mars",461,352,933,990,Vocals 4,"0,4",Bass 3,"0,3",Lead 4,"0,4",Drums 5,"0,5",,,,
9,Eye of the Storm,Epic Games,342,208,478,823,Vocals 4,"0,4",Bass 3,"0,3",Lead 4,"0,4",Drums 4,"0,4",,,,
9,For O.X.R.!,Epic Games,339,495,618,884,Vocals 4,"0,4",Bass 4,"0,4",Lead 4,"0,4",Drums 5,"0,5",,,,
9,Funny Song,Slipstream Music,240,70,430,66,Vocals 4,"0,4",Bass 2,"0,2",Lead 4,"0,4",Drums 1,"0,1",,,,
9,Ghosts 'n' Stuff,"deadmau5, Rob Swire",249,213,244,858,Vocals 2,"0,2",Bass 3,"0,3",Lead 2,"0,2",Drums 2,"0,2",,,,
9,Gimme Chocolate!!,BABYMETAL,518,1254,1866,1545,Vocal 4,"0,4",Bass 5,"0,5",Lead 7,9,Drums 6,6,,,,
9,Go Go Power Rangers,Ron Wasserman,243,905,1234,1542,Vocals 3,"0,3",Bass 5,"0,5",Lead 7,7,Drums 5,"0,5",,,,
9,HAPPY (Day6),DAY6,395,878,1199,888,Vocals 4,"0,4",Bass 5,"0,5",Lead 4,"0,4",Drums 4,"0,4",,,,
9,I'm the Visual,Epic Games,425,172,292,777,Vocals 4,"0,4",Bass 2,"0,2",Lead 2,"0,2",Drums 5,"0,5",,,,
9,Into the Underworld,Epic Games,618,483,632,1248,Vocals 3,"0,3",Bass 4,"0,4",Lead 5,"0,5",Drums 4,"0,4",,,,
9,Leave The Door Open,Silk Sonic,645,432,562,971,Vocals 5,"0,5",Bass 4,"0,4",Lead 4,"0,4",Drums 4,"0,4",,,,
9,Let It Burn,Epic Games,555,249,370,818,Vocals 4,"0,4",Bass 3,"0,3",Lead 3,"0,3",Drums 5,"0,5",,,,
9,Locked Out Of Heaven,Bruno Mars,514,857,1236,1179,Vocals 4,"0,4",Bass 4,"0,4",Lead 3,"0,3",Drums 4,"0,4",,,,
9,Memories,Epic Games,283,374,595,868,Vocals 3,"0,3",Bass 4,"0,4",Lead 4,"0,4",Drums 3,"0,3",,,,
9,Monster,YOASOBI,644,781,491,1126,Vocals 5,"0,5",Bass 5,"0,5",Lead 5,"0,5",Drums 5,"0,5",,,,
9,Move,Epic Games,417,437,619,767,Vocals 5,"0,5",Bass 4,"0,4",Lead 5,"0,5",Drums 4,"0,4",,,,
9,Mun Ra,Sabotage & Instituto,1484,579,751,1411,Vocals 7,8,Bass 3,"0,3",Lead 4,"0,4",Drums 3,"0,3",,,,
9,Old Town Road (Remix),Lil Nas X ft. Billy Ray Cyrus,403,140,422,721,Vocals 4,"0,4",Bass 1,"0,1",Lead 2,"0,2",Drums 4,"0,4",,,,
9,PLAYERS,YOASOBI,662,813,1026,1298,Vocal 5,"0,5",Bass 6,5,Lead 7,7,Drums 6,6,,,,
9,Scary Monsters and Nice Sprites,Skrillex,170,346,708,1229,Vocals 4,"0,4",Bass 4,"0,4",Lead 3,"0,3",Drums 5,"0,5",,,,
9,SLAY!,Eternxlkz,325,288,389,186,Vocals 3,"0,3",Bass 2,"0,2",Lead 3,"0,3",Drums 1,"0,1",,,,
9,Strobe (Radio Edit),deadmau5,132,576,1119,778,Vocals 1,"0,1",Bass 3,"0,3",Lead 4,"0,4",Drums 3,"0,3",,,,
9,That's What I Like,Bruno Mars,630,397,396,1065,Vocals 5,"0,5",Bass 3,"0,3",Lead 3,"0,3",Drums 4,"0,4",,,,
9,The Zephyr Song,Red Hot Chili Peppers,369,669,820,1761,Vocals 3,"0,3",Bass 4,"0,4",Lead 3,"0,3",Drums 3,"0,3",,,,
9,Your Universe,Epic Games,362,333,752,1351,Vocals 4,"0,4",Bass 3,"0,3",Lead 7,9,Drums 7,10,,,,